,blockgroup,population,housing,education,transportation,year
0,160550017001,1747.0,701.0,1370.0,656.0,2019
1,160550017002,1226.0,695.0,1021.0,603.0,2019
2,160550017003,1735.0,766.0,1437.0,626.0,2019
3,160550018003,4108.0,1858.0,3289.0,1505.0,2019
4,160550018004,1388.0,542.0,1015.0,637.0,2019
5,160550018002,1542.0,1396.0,1374.0,344.0,2019
6,160550004011,3916.0,1664.0,3067.0,1776.0,2019
7,160550004012,1892.0,785.0,1526.0,745.0,2019
8,160550006021,1312.0,637.0,1114.0,528.0,2019
9,160550004021,5154.0,1947.0,3573.0,1866.0,2019
10,160550010022,2455.0,944.0,1997.0,1169.0,2019
11,160550003023,1402.0,576.0,1260.0,583.0,2019
12,160550003021,1459.0,625.0,1214.0,663.0,2019
13,160559400002,980.0,1108.0,852.0,345.0,2019
14,160550010013,1885.0,846.0,1437.0,839.0,2019
15,160550010012,2127.0,1031.0,1869.0,790.0,2019
16,160550006012,1604.0,831.0,1380.0,760.0,2019
17,160550006011,2600.0,1073.0,1970.0,997.0,2019
18,160550003012,3011.0,1207.0,2671.0,1470.0,2019
19,160550009004,1051.0,682.0,956.0,412.0,2019
20,160550002004,2754.0,990.0,2342.0,1172.0,2019
21,160550002003,1762.0,746.0,1531.0,843.0,2019
22,160550002005,1489.0,718.0,1147.0,445.0,2019
23,160550007001,4590.0,1628.0,3651.0,1836.0,2019
24,160550007002,11122.0,4042.0,7779.0,4766.0,2019
25,160550016002,1833.0,980.0,1532.0,945.0,2019
26,160550016001,758.0,357.0,578.0,390.0,2019
27,160550019001,1915.0,891.0,1491.0,834.0,2019
28,160550005001,8005.0,3198.0,5918.0,3724.0,2019
29,160550009001,2008.0,1069.0,1516.0,936.0,2019
30,160550009002,1690.0,989.0,1401.0,646.0,2019
31,160550013002,3094.0,1114.0,2333.0,1120.0,2019
32,160550015001,1361.0,597.0,1118.0,648.0,2019
33,160550011001,2397.0,881.0,2003.0,1133.0,2019
34,160550012002,1709.0,726.0,1287.0,799.0,2019
35,160550012003,3007.0,1208.0,2270.0,1411.0,2019
36,160550014002,1598.0,792.0,1440.0,911.0,2019
37,160550008002,1350.0,669.0,1169.0,600.0,2019
38,160550020002,2028.0,973.0,1725.0,781.0,2019
39,160550001002,2411.0,1274.0,2026.0,829.0,2019
40,160550015002,693.0,286.0,508.0,331.0,2019
41,160550006022,2841.0,1109.0,2208.0,1293.0,2019
42,160550008001,3439.0,1773.0,2949.0,1739.0,2019
43,160550020001,1376.0,957.0,1146.0,440.0,2019
44,160550005003,2949.0,1130.0,2163.0,1181.0,2019
45,160550001001,1563.0,1365.0,1320.0,615.0,2019
46,160550005002,3259.0,1232.0,2202.0,1519.0,2019
47,160550009003,1229.0,566.0,1097.0,551.0,2019
48,160550013001,1348.0,625.0,1088.0,764.0,2019
49,160550015003,1317.0,579.0,1104.0,779.0,2019
50,160550012001,1819.0,909.0,1623.0,555.0,2019
51,160550014001,1218.0,757.0,1079.0,587.0,2019
52,160550010011,2478.0,1050.0,2199.0,1211.0,2019
53,160550003011,3341.0,1437.0,2713.0,1331.0,2019
54,160550007003,4644.0,2231.0,4082.0,2443.0,2019
55,160550018001,1345.0,516.0,1181.0,610.0,2019
56,160550006023,2272.0,656.0,1578.0,940.0,2019
57,160550004022,3740.0,1314.0,2873.0,1911.0,2019
58,160550010021,2232.0,934.0,1765.0,827.0,2019
59,160550003022,4969.0,1878.0,3590.0,2204.0,2019
60,160830011001,821.0,389.0,711.0,529.0,2019
61,160830011003,2084.0,740.0,1655.0,755.0,2019
62,160830012003,2480.0,1018.0,1675.0,1043.0,2019
63,160830012002,1395.0,541.0,1113.0,841.0,2019
64,160830012004,3287.0,1192.0,2227.0,1581.0,2019
65,160830010004,1222.0,581.0,1030.0,569.0,2019
66,160830010005,1020.0,484.0,782.0,425.0,2019
67,160830010002,3342.0,1233.0,2595.0,1587.0,2019
68,160830008005,1184.0,476.0,1018.0,441.0,2019
69,160830007004,1257.0,464.0,856.0,522.0,2019
70,160830007003,1457.0,332.0,988.0,662.0,2019
71,160830007001,6486.0,2515.0,4489.0,3071.0,2019
72,160830006003,1206.0,503.0,942.0,492.0,2019
73,160830005001,1290.0,480.0,1021.0,570.0,2019
74,160830015002,972.0,508.0,773.0,496.0,2019
75,160830002002,1613.0,473.0,1124.0,632.0,2019
76,160830002003,1485.0,895.0,1250.0,672.0,2019
77,160830009002,2003.0,632.0,1544.0,821.0,2019
78,160830007005,1185.0,678.0,900.0,596.0,2019
79,160830002001,4011.0,1469.0,3009.0,1788.0,2019
80,160830010003,1567.0,599.0,1156.0,826.0,2019
81,160830008001,1348.0,456.0,807.0,471.0,2019
82,160830008004,1601.0,746.0,1293.0,794.0,2019
83,160830007002,2783.0,979.0,2104.0,1130.0,2019
84,160830009001,3137.0,1249.0,2427.0,1148.0,2019
85,160830012001,1376.0,487.0,933.0,498.0,2019
86,160830010001,1791.0,809.0,1218.0,851.0,2019
87,160159502004,1895.0,1132.0,1727.0,833.0,2019
88,160159502002,2096.0,1119.0,1711.0,770.0,2019
89,160010009003,1051.0,609.0,978.0,739.0,2019
90,160010009002,1148.0,444.0,1102.0,601.0,2019
91,160010023103,3248.0,1222.0,2596.0,1662.0,2019
92,160010023102,3513.0,1255.0,2505.0,1397.0,2019
93,160010102012,8830.0,3329.0,6506.0,3457.0,2019
94,160010102013,4630.0,1530.0,3446.0,1806.0,2019
95,160010002022,1244.0,564.0,1039.0,490.0,2019
96,160010002021,2163.0,848.0,1519.0,764.0,2019
97,160010007021,4458.0,1835.0,3562.0,1877.0,2019
98,160010008041,3159.0,1698.0,2849.0,1718.0,2019
99,160010003031,2211.0,1189.0,1926.0,915.0,2019
100,160010002012,756.0,355.0,595.0,322.0,2019
101,160010002011,1809.0,789.0,1473.0,729.0,2019
102,160010007012,1630.0,701.0,1377.0,1004.0,2019
103,160010007013,1786.0,943.0,1544.0,1060.0,2019
104,160010103352,2297.0,1110.0,2137.0,1553.0,2019
105,160010103351,14978.0,4476.0,10563.0,5861.0,2019
106,160010102252,3326.0,1509.0,2735.0,1403.0,2019
107,160010102251,3569.0,1512.0,2985.0,1313.0,2019
108,160010023132,1387.0,523.0,1196.0,789.0,2019
109,160010022241,1223.0,462.0,1027.0,561.0,2019
110,160010022243,1458.0,693.0,1281.0,627.0,2019
111,160010105041,4566.0,1751.0,3479.0,2263.0,2019
112,160010008052,1008.0,370.0,763.0,538.0,2019
113,160010003043,1302.0,479.0,974.0,667.0,2019
114,160010003041,2305.0,1237.0,1976.0,1258.0,2019
115,160010002024,1030.0,617.0,827.0,412.0,2019
116,160010002023,1112.0,429.0,916.0,479.0,2019
117,160010103133,15444.0,5592.0,11665.0,7083.0,2019
118,160010103312,3460.0,1236.0,2770.0,1691.0,2019
119,160010023104,2158.0,836.0,1508.0,910.0,2019
120,160010023024,2463.0,1273.0,1802.0,1064.0,2019
121,160010103332,3257.0,1238.0,2466.0,1615.0,2019
122,160010103333,2552.0,1026.0,1907.0,1015.0,2019
123,160010017004,2108.0,649.0,1615.0,1209.0,2019
124,160010014004,1725.0,826.0,1542.0,1048.0,2019
125,160010103342,3794.0,1477.0,3017.0,2000.0,2019
126,160010103341,3825.0,1220.0,2986.0,1748.0,2019
127,160010023122,1655.0,837.0,1463.0,849.0,2019
128,160010008022,984.0,457.0,789.0,595.0,2019
129,160010103212,2592.0,1113.0,1973.0,1349.0,2019
130,160010004003,1452.0,534.0,1009.0,714.0,2019
131,160010004005,1046.0,463.0,817.0,434.0,2019
132,160010004004,843.0,465.0,731.0,527.0,2019
133,160010022231,4985.0,1603.0,3823.0,2273.0,2019
134,160010105031,4611.0,1758.0,3317.0,2206.0,2019
135,160010008042,2143.0,1271.0,1842.0,948.0,2019
136,160010008043,1636.0,768.0,1410.0,1015.0,2019
137,160010003021,1248.0,518.0,1052.0,568.0,2019
138,160010011003,1224.0,597.0,977.0,569.0,2019
139,160010023023,837.0,412.0,811.0,573.0,2019
140,160010023021,1413.0,513.0,1142.0,691.0,2019
141,160010016001,1336.0,523.0,1171.0,831.0,2019
142,160010016002,2691.0,1061.0,2230.0,1332.0,2019
143,160010019001,2535.0,1067.0,2052.0,1203.0,2019
144,160010019002,984.0,408.0,866.0,586.0,2019
145,160010010002,2457.0,1002.0,1868.0,1273.0,2019
146,160010010001,2365.0,1333.0,2277.0,1477.0,2019
147,160010018002,1563.0,639.0,1319.0,650.0,2019
148,160010018001,1296.0,575.0,1068.0,513.0,2019
149,160010103131,6246.0,2119.0,4448.0,2653.0,2019
150,160010008023,1504.0,738.0,1268.0,683.0,2019
151,160010011002,1400.0,613.0,1134.0,638.0,2019
152,160010020002,2251.0,783.0,1689.0,1162.0,2019
153,160010020001,674.0,321.0,553.0,336.0,2019
154,160010020003,1184.0,584.0,843.0,350.0,2019
155,160010020004,533.0,423.0,517.0,340.0,2019
156,160010102211,6793.0,2520.0,5297.0,2066.0,2019
157,160010102212,1227.0,668.0,1167.0,690.0,2019
158,160010103322,1558.0,606.0,1301.0,703.0,2019
159,160010103321,13272.0,4460.0,9457.0,5952.0,2019
160,160010104014,3780.0,1300.0,3015.0,2104.0,2019
161,160010104012,11390.0,3304.0,7133.0,5346.0,2019
162,160010104013,5164.0,1794.0,3804.0,2261.0,2019
163,160010104011,2666.0,884.0,2009.0,1252.0,2019
164,160010021002,1528.0,621.0,1257.0,640.0,2019
165,160010012022,2592.0,1340.0,2189.0,1481.0,2019
166,160010012021,1395.0,724.0,1198.0,761.0,2019
167,160010015003,1225.0,478.0,940.0,502.0,2019
168,160010015001,1390.0,688.0,1245.0,751.0,2019
169,160010024103,1615.0,544.0,1310.0,772.0,2019
170,160010024104,2587.0,943.0,2119.0,954.0,2019
171,160010024102,2473.0,835.0,1854.0,1347.0,2019
172,160010104022,2605.0,1069.0,2056.0,1225.0,2019
173,160010105011,7924.0,834.0,7382.0,1157.0,2019
174,160010001002,874.0,651.0,823.0,318.0,2019
175,160010005004,1491.0,687.0,1292.0,841.0,2019
176,160010005003,1123.0,550.0,999.0,712.0,2019
177,160010005005,1209.0,519.0,834.0,694.0,2019
178,160010014002,1110.0,547.0,943.0,560.0,2019
179,160010014003,1423.0,592.0,954.0,593.0,2019
180,160010017002,2113.0,839.0,1514.0,804.0,2019
181,160010017003,1713.0,790.0,1434.0,973.0,2019
182,160010102231,3333.0,1636.0,2925.0,1644.0,2019
183,160010006006,1194.0,785.0,999.0,686.0,2019
184,160010006001,977.0,507.0,748.0,541.0,2019
185,160010008031,673.0,379.0,604.0,297.0,2019
186,160010008033,1033.0,405.0,814.0,530.0,2019
187,160010008034,1841.0,770.0,1505.0,930.0,2019
188,160010012011,1773.0,786.0,1476.0,847.0,2019
189,160010022212,1622.0,643.0,1292.0,941.0,2019
190,160010022211,2858.0,1098.0,2252.0,1154.0,2019
191,160010024111,1759.0,662.0,1403.0,754.0,2019
192,160010024112,1169.0,459.0,934.0,666.0,2019
193,160010024131,2707.0,806.0,2197.0,1302.0,2019
194,160010024134,979.0,264.0,726.0,328.0,2019
195,160010024133,1511.0,700.0,1225.0,725.0,2019
196,160010103221,2252.0,807.0,1677.0,1026.0,2019
197,160010103313,7209.0,2229.0,4846.0,2747.0,2019
198,160010022221,6833.0,2430.0,4842.0,2904.0,2019
199,160010023121,3743.0,1431.0,3053.0,1938.0,2019
200,160010103354,2416.0,953.0,2070.0,865.0,2019
201,160010103132,6826.0,2435.0,5278.0,3287.0,2019
202,160010001003,1851.0,1378.0,1579.0,675.0,2019
203,160010006004,929.0,332.0,719.0,360.0,2019
204,160010103222,1590.0,781.0,1354.0,809.0,2019
205,160010002013,840.0,387.0,692.0,389.0,2019
206,160010007011,2243.0,915.0,1796.0,990.0,2019
207,160010103353,4626.0,2556.0,3727.0,1632.0,2019
208,160010102253,1841.0,930.0,1714.0,652.0,2019
209,160010023131,2825.0,1191.0,2207.0,1221.0,2019
210,160010022242,3693.0,1235.0,2999.0,2099.0,2019
211,160010105042,2181.0,897.0,1753.0,1075.0,2019
212,160010008051,2209.0,954.0,1752.0,930.0,2019
213,160010003042,2993.0,1314.0,2351.0,1604.0,2019
214,160010102232,3724.0,1931.0,3354.0,1625.0,2019
215,160010012023,2783.0,1440.0,2312.0,1375.0,2019
216,160010015002,1206.0,523.0,946.0,784.0,2019
217,160010024101,1512.0,513.0,1168.0,693.0,2019
218,160010024121,2174.0,922.0,1649.0,853.0,2019
219,160010104021,10303.0,3681.0,7756.0,5294.0,2019
220,160010001001,970.0,777.0,868.0,609.0,2019
221,160010005001,1671.0,801.0,1292.0,876.0,2019
222,160010005002,662.0,326.0,562.0,386.0,2019
223,160010014001,1306.0,797.0,1183.0,876.0,2019
224,160010017001,727.0,380.0,599.0,517.0,2019
225,160010023022,3554.0,1456.0,2908.0,1980.0,2019
226,160010103331,3409.0,1332.0,2337.0,1391.0,2019
227,160010016003,742.0,346.0,641.0,389.0,2019
228,160010019003,1377.0,585.0,1117.0,734.0,2019
229,160010010004,758.0,389.0,758.0,440.0,2019
230,160010010003,1670.0,751.0,1361.0,765.0,2019
231,160010018003,1611.0,800.0,1318.0,889.0,2019
232,160010008024,2477.0,1011.0,1984.0,1254.0,2019
233,160010006003,541.0,312.0,459.0,392.0,2019
234,160010006002,977.0,648.0,906.0,463.0,2019
235,160010006005,759.0,352.0,571.0,362.0,2019
236,160010008032,773.0,296.0,668.0,489.0,2019
237,160010012012,1568.0,626.0,1236.0,622.0,2019
238,160010022213,4668.0,1838.0,3991.0,2490.0,2019
239,160010024113,2361.0,968.0,1971.0,1108.0,2019
240,160010024132,3399.0,1303.0,2574.0,1303.0,2019
241,160010101001,8973.0,3268.0,6776.0,3732.0,2019
242,160010103223,3163.0,1410.0,2498.0,1518.0,2019
243,160010004001,897.0,376.0,634.0,474.0,2019
244,160010004002,1725.0,865.0,1551.0,1186.0,2019
245,160010009001,2799.0,507.0,2755.0,1209.0,2019
246,160010009004,1521.0,632.0,1348.0,894.0,2019
247,160010023101,1699.0,774.0,1411.0,750.0,2019
248,160010102011,1263.0,538.0,1226.0,586.0,2019
249,160010021001,378.0,188.0,290.0,163.0,2019
250,160010102241,4755.0,1593.0,3673.0,1820.0,2019
251,160010008021,660.0,421.0,644.0,349.0,2019
252,160010103211,5038.0,2053.0,3934.0,2548.0,2019
253,160010003022,2127.0,967.0,1739.0,954.0,2019
254,160010011001,1551.0,885.0,1330.0,753.0,2019
255,160010103311,16632.0,5994.0,12581.0,7054.0,2019
256,160010103334,3504.0,1581.0,3120.0,1732.0,2019
257,160010024122,2042.0,1185.0,1773.0,812.0,2019
258,160119501003,2389.0,819.0,1745.0,967.0,2019
259,160119505002,1596.0,680.0,1153.0,769.0,2019
260,160119505004,1282.0,524.0,942.0,463.0,2019
261,160119505001,2556.0,998.0,1969.0,1153.0,2019
262,160119504005,1926.0,584.0,1322.0,843.0,2019
263,160119504002,1376.0,663.0,1012.0,601.0,2019
264,160119506003,1135.0,441.0,838.0,242.0,2019
265,160119505003,2083.0,854.0,1582.0,1155.0,2019
266,160119504001,2091.0,773.0,1726.0,959.0,2019
267,160119507001,1894.0,603.0,1391.0,838.0,2019
268,160519603002,841.0,450.0,707.0,522.0,2019
269,160519601001,1508.0,630.0,1199.0,611.0,2019
270,160519602003,1595.0,560.0,1289.0,812.0,2019
271,160519604001,1428.0,609.0,1073.0,667.0,2019
272,160519604004,5673.0,1698.0,3758.0,2220.0,2019
273,160519603004,3213.0,811.0,2183.0,1400.0,2019
274,160519603003,2809.0,860.0,1949.0,1303.0,2019
275,160519604003,3006.0,864.0,1867.0,914.0,2019
276,160759604002,2172.0,834.0,1502.0,755.0,2019
277,160399601001,306.0,820.0,297.0,82.0,2019
278,160399602001,1895.0,858.0,1654.0,873.0,2019
279,160659503023,2206.0,928.0,1826.0,1064.0,2019
280,160659503014,1025.0,196.0,1013.0,433.0,2019
281,160659504002,1693.0,567.0,1292.0,787.0,2019
282,160659504003,1743.0,458.0,1137.0,605.0,2019
283,160659501001,2309.0,661.0,1645.0,859.0,2019
284,160659505002,1800.0,526.0,1241.0,637.0,2019
285,160659505001,1369.0,377.0,1029.0,643.0,2019
286,160659505003,1703.0,378.0,1061.0,700.0,2019
287,160659502002,1852.0,646.0,1459.0,869.0,2019
288,160659502003,980.0,340.0,688.0,450.0,2019
289,160659503021,1728.0,1381.0,1728.0,708.0,2019
290,160659503024,1792.0,998.0,1635.0,1126.0,2019
291,160659503022,8126.0,2696.0,5910.0,3865.0,2019
292,160659503012,973.0,558.0,904.0,645.0,2019
293,160659502001,1770.0,637.0,1446.0,664.0,2019
294,160659503015,770.0,368.0,577.0,275.0,2019
295,160659503013,163.0,0.0,163.0,18.0,2019
296,160659504001,3095.0,1140.0,2223.0,1203.0,2019
297,160659501002,1556.0,471.0,1001.0,549.0,2019
298,160459601001,1765.0,662.0,1349.0,487.0,2019
299,160039502002,933.0,439.0,786.0,268.0,2019
300,160050004001,3738.0,1091.0,2462.0,1376.0,2019
301,160050012003,1667.0,547.0,942.0,590.0,2019
302,160050010002,1211.0,450.0,951.0,473.0,2019
303,160050010001,1236.0,559.0,939.0,544.0,2019
304,160050003003,2201.0,1182.0,1832.0,1026.0,2019
305,160050006002,2295.0,708.0,1809.0,747.0,2019
306,160050013003,711.0,397.0,606.0,377.0,2019
307,160050013001,726.0,437.0,585.0,346.0,2019
308,160050017001,2720.0,1136.0,2369.0,1155.0,2019
309,160050017002,835.0,299.0,536.0,330.0,2019
310,160050011011,3283.0,1038.0,2264.0,1327.0,2019
311,160050011012,1917.0,697.0,1485.0,718.0,2019
312,160050011014,1107.0,423.0,818.0,539.0,2019
313,160050011013,1016.0,424.0,919.0,532.0,2019
314,160050011023,474.0,340.0,403.0,228.0,2019
315,160050011022,2159.0,683.0,1508.0,869.0,2019
316,160050011021,1322.0,452.0,1014.0,636.0,2019
317,160050016012,1285.0,812.0,1060.0,575.0,2019
318,160050007001,1630.0,638.0,1434.0,657.0,2019
319,160050007002,1333.0,701.0,1130.0,619.0,2019
320,160050007003,1339.0,363.0,1143.0,356.0,2019
321,160059818001,351.0,134.0,269.0,135.0,2019
322,160050014003,491.0,222.0,402.0,231.0,2019
323,160050014004,820.0,415.0,674.0,335.0,2019
324,160050015004,721.0,264.0,552.0,256.0,2019
325,160050015002,2157.0,901.0,1500.0,672.0,2019
326,160050015005,976.0,343.0,795.0,567.0,2019
327,160050016022,687.0,271.0,478.0,275.0,2019
328,160050016021,1694.0,805.0,1287.0,761.0,2019
329,160050005001,2029.0,682.0,1581.0,959.0,2019
330,160050002003,1325.0,518.0,1125.0,408.0,2019
331,160050003001,3737.0,1114.0,2474.0,1506.0,2019
332,160050009001,1988.0,878.0,1468.0,867.0,2019
333,160050008001,2570.0,1234.0,2162.0,1430.0,2019
334,160050016032,1957.0,717.0,1619.0,830.0,2019
335,160050014002,655.0,388.0,508.0,236.0,2019
336,160050014001,1049.0,391.0,852.0,533.0,2019
337,160050015003,874.0,369.0,644.0,293.0,2019
338,160050015001,1047.0,335.0,674.0,410.0,2019
339,160050016023,1495.0,554.0,1051.0,673.0,2019
340,160050002001,1206.0,330.0,862.0,432.0,2019
341,160050016031,981.0,519.0,772.0,460.0,2019
342,160050003002,840.0,318.0,602.0,245.0,2019
343,160050006001,1831.0,657.0,1654.0,696.0,2019
344,160050013002,1011.0,388.0,764.0,391.0,2019
345,160050009002,457.0,362.0,419.0,104.0,2019
346,160050004002,2350.0,799.0,1848.0,1178.0,2019
347,160050012001,1094.0,356.0,814.0,522.0,2019
348,160050003004,2504.0,940.0,1737.0,842.0,2019
349,160199701003,1212.0,471.0,834.0,367.0,2019
350,160199715001,642.0,257.0,546.0,248.0,2019
351,160199713013,869.0,429.0,591.0,314.0,2019
352,160199713012,1881.0,681.0,1515.0,946.0,2019
353,160199713014,507.0,354.0,385.0,235.0,2019
354,160199713015,1910.0,504.0,1042.0,670.0,2019
355,160199705022,1738.0,621.0,1179.0,748.0,2019
356,160199705023,2537.0,805.0,1720.0,1015.0,2019
357,160199711002,824.0,505.0,687.0,612.0,2019
358,160199711004,481.0,274.0,455.0,181.0,2019
359,160199711003,524.0,261.0,438.0,277.0,2019
360,160199714004,1916.0,733.0,1447.0,752.0,2019
361,160199714002,2087.0,715.0,1510.0,807.0,2019
362,160199714003,3889.0,1225.0,2751.0,1456.0,2019
363,160199714001,1380.0,810.0,1204.0,532.0,2019
364,160199710005,1317.0,546.0,951.0,498.0,2019
365,160199710002,636.0,304.0,517.0,282.0,2019
366,160199710004,665.0,309.0,512.0,307.0,2019
367,160199710003,538.0,241.0,375.0,220.0,2019
368,160199710006,823.0,325.0,637.0,314.0,2019
369,160199710001,972.0,323.0,629.0,510.0,2019
370,160199712003,1474.0,734.0,1211.0,821.0,2019
371,160199712004,345.0,212.0,275.0,149.0,2019
372,160199712002,1420.0,559.0,1080.0,577.0,2019
373,160199703001,2264.0,584.0,1537.0,804.0,2019
374,160199703002,1759.0,595.0,1237.0,774.0,2019
375,160199704011,2149.0,761.0,1671.0,941.0,2019
376,160199704012,1037.0,430.0,691.0,403.0,2019
377,160199704021,2073.0,661.0,1490.0,851.0,2019
378,160199708002,775.0,334.0,530.0,277.0,2019
379,160199708003,1275.0,465.0,877.0,567.0,2019
380,160199704033,3660.0,1113.0,2665.0,1531.0,2019
381,160199704031,5967.0,1954.0,3509.0,2470.0,2019
382,160199701001,1103.0,959.0,955.0,358.0,2019
383,160199707003,1112.0,341.0,769.0,395.0,2019
384,160199707001,690.0,363.0,548.0,357.0,2019
385,160199707004,885.0,479.0,681.0,321.0,2019
386,160199707002,2902.0,900.0,2321.0,1170.0,2019
387,160199706021,1695.0,620.0,1165.0,787.0,2019
388,160199709001,954.0,374.0,651.0,355.0,2019
389,160199709003,2835.0,1002.0,2016.0,1092.0,2019
390,160199713024,1477.0,700.0,1100.0,728.0,2019
391,160199713021,1128.0,375.0,771.0,500.0,2019
392,160199713023,1529.0,662.0,1340.0,584.0,2019
393,160199705011,8666.0,2908.0,6269.0,3494.0,2019
394,160199705031,5894.0,2067.0,4065.0,2242.0,2019
395,160199706013,1062.0,380.0,838.0,487.0,2019
396,160199706012,1214.0,417.0,830.0,425.0,2019
397,160199706011,637.0,246.0,534.0,353.0,2019
398,160199711001,811.0,388.0,620.0,456.0,2019
399,160199706023,1023.0,419.0,774.0,461.0,2019
400,160199708001,983.0,422.0,775.0,432.0,2019
401,160199704032,2025.0,606.0,1358.0,978.0,2019
402,160199701002,2066.0,616.0,1391.0,775.0,2019
403,160199715002,1045.0,402.0,711.0,364.0,2019
404,160199713011,1195.0,503.0,926.0,554.0,2019
405,160199705021,1447.0,609.0,1115.0,810.0,2019
406,160199711005,617.0,377.0,572.0,338.0,2019
407,160199701004,1168.0,345.0,835.0,436.0,2019
408,160199712001,1332.0,514.0,1037.0,625.0,2019
409,160199704022,3598.0,1140.0,2430.0,1428.0,2019
410,160199708004,766.0,375.0,574.0,338.0,2019
411,160199706031,2231.0,926.0,1880.0,939.0,2019
412,160199706022,3488.0,1489.0,2575.0,1507.0,2019
413,160199709002,1356.0,477.0,972.0,568.0,2019
414,160199713022,947.0,393.0,655.0,452.0,2019
415,160270219032,5666.0,1771.0,4336.0,2235.0,2019
416,160270219031,5826.0,1921.0,4279.0,2132.0,2019
417,160270205031,3254.0,1247.0,2412.0,1232.0,2019
418,160270205012,1837.0,650.0,1301.0,732.0,2019
419,160270209023,2944.0,1156.0,2394.0,1288.0,2019
420,160270206023,1608.0,433.0,1194.0,605.0,2019
421,160270206024,1189.0,413.0,941.0,403.0,2019
422,160270206022,1758.0,724.0,1155.0,690.0,2019
423,160270206011,5834.0,1767.0,4044.0,2408.0,2019
424,160270219042,749.0,321.0,613.0,221.0,2019
425,160270210011,15911.0,4580.0,10835.0,6380.0,2019
426,160270205041,1480.0,481.0,1070.0,649.0,2019
427,160270205043,979.0,538.0,813.0,536.0,2019
428,160270205042,3196.0,1244.0,2449.0,1723.0,2019
429,160270209011,6546.0,1924.0,4537.0,2776.0,2019
430,160270209013,2471.0,803.0,1597.0,1047.0,2019
431,160270209012,4899.0,2060.0,4111.0,1989.0,2019
432,160270204012,5957.0,2086.0,4420.0,3005.0,2019
433,160270204014,760.0,272.0,584.0,316.0,2019
434,160270210024,3534.0,1708.0,2955.0,1353.0,2019
435,160270210022,3208.0,1198.0,2560.0,1351.0,2019
436,160270210021,1815.0,708.0,1320.0,700.0,2019
437,160270204021,1105.0,385.0,805.0,542.0,2019
438,160270204025,2661.0,843.0,2093.0,1174.0,2019
439,160270204023,1180.0,315.0,813.0,472.0,2019
440,160270204024,720.0,414.0,683.0,329.0,2019
441,160270203001,806.0,448.0,685.0,271.0,2019
442,160270203002,2101.0,621.0,1529.0,851.0,2019
443,160270215001,763.0,288.0,600.0,293.0,2019
444,160270215003,680.0,281.0,544.0,378.0,2019
445,160270215004,497.0,259.0,463.0,206.0,2019
446,160270215002,774.0,320.0,526.0,347.0,2019
447,160270215005,2280.0,673.0,1790.0,987.0,2019
448,160270216003,1035.0,437.0,881.0,475.0,2019
449,160270216002,1914.0,779.0,1363.0,587.0,2019
450,160270216001,1384.0,525.0,938.0,376.0,2019
451,160270211002,6148.0,2007.0,4587.0,2955.0,2019
452,160270211001,8579.0,2770.0,5791.0,3270.0,2019
453,160270218002,2291.0,753.0,1685.0,840.0,2019
454,160270218001,2236.0,765.0,1563.0,744.0,2019
455,160270223001,1688.0,697.0,1322.0,588.0,2019
456,160270224002,1770.0,675.0,1499.0,776.0,2019
457,160270212002,1925.0,650.0,1683.0,763.0,2019
458,160270217001,4256.0,1343.0,2903.0,1459.0,2019
459,160270217002,4776.0,1803.0,3567.0,1789.0,2019
460,160270217003,2669.0,875.0,2014.0,1264.0,2019
461,160270207002,2795.0,1024.0,2159.0,1293.0,2019
462,160270202001,1484.0,590.0,1183.0,626.0,2019
463,160270202002,1890.0,606.0,1291.0,740.0,2019
464,160270201001,1084.0,606.0,962.0,493.0,2019
465,160270203004,1434.0,604.0,1094.0,642.0,2019
466,160270203003,668.0,226.0,543.0,353.0,2019
467,160270209021,7509.0,2308.0,5438.0,3664.0,2019
468,160270206025,865.0,327.0,763.0,338.0,2019
469,160270206026,1178.0,548.0,1063.0,459.0,2019
470,160270206021,1375.0,423.0,1131.0,721.0,2019
471,160270210023,2105.0,760.0,1466.0,869.0,2019
472,160270209022,5875.0,2226.0,4581.0,2209.0,2019
473,160270202003,1307.0,483.0,1068.0,595.0,2019
474,160270213001,1368.0,507.0,966.0,484.0,2019
475,160270218003,2896.0,1078.0,2580.0,1443.0,2019
476,160270223002,2662.0,791.0,2058.0,849.0,2019
477,160270224001,2923.0,1017.0,2242.0,1001.0,2019
478,160270212003,4766.0,1290.0,2898.0,1686.0,2019
479,160270212001,2171.0,720.0,1370.0,745.0,2019
480,160270222003,2478.0,857.0,1853.0,881.0,2019
481,160270205011,1684.0,635.0,1375.0,773.0,2019
482,160270211003,5397.0,1869.0,3865.0,2307.0,2019
483,160270204022,641.0,393.0,523.0,227.0,2019
484,160270219033,817.0,395.0,677.0,413.0,2019
485,160570051005,630.0,404.0,612.0,465.0,2019
486,160570051004,716.0,461.0,716.0,494.0,2019
487,160570057003,1588.0,687.0,1199.0,686.0,2019
488,160570052002,1360.0,534.0,1255.0,638.0,2019
489,160570052003,1122.0,399.0,734.0,406.0,2019
490,160570052001,678.0,299.0,498.0,251.0,2019
491,160570053002,677.0,358.0,541.0,368.0,2019
492,160570053006,809.0,246.0,603.0,324.0,2019
493,160570053005,1701.0,609.0,1140.0,797.0,2019
494,160570054002,906.0,541.0,843.0,411.0,2019
495,160570054004,943.0,444.0,943.0,504.0,2019
496,160570051001,2708.0,1148.0,1973.0,1117.0,2019
497,160570053001,600.0,340.0,523.0,309.0,2019
498,160570052005,2455.0,1021.0,2115.0,1329.0,2019
499,160570052004,1199.0,569.0,1089.0,516.0,2019
500,160570053003,762.0,467.0,752.0,638.0,2019
501,160570053004,2764.0,1364.0,2490.0,1675.0,2019
502,160570054001,1330.0,590.0,1067.0,702.0,2019
503,160570054003,3437.0,353.0,3272.0,1078.0,2019
504,160570051003,631.0,362.0,513.0,366.0,2019
505,160570051002,3187.0,1453.0,2888.0,1845.0,2019
506,160459601001,1459.0,604.0,1246.0,418.0,2016
507,160039502002,756.0,401.0,682.0,250.0,2016
508,160550010013,1462.0,683.0,1210.0,730.0,2016
509,160550010012,1898.0,880.0,1567.0,688.0,2016
510,160550010011,3184.0,1088.0,2455.0,1343.0,2016
511,160550003011,2837.0,1252.0,2177.0,1010.0,2016
512,160550003012,2926.0,1058.0,2237.0,1174.0,2016
513,160550002004,2962.0,970.0,2362.0,1129.0,2016
514,160550007001,4068.0,1374.0,3231.0,1734.0,2016
515,160550002003,1877.0,728.0,1541.0,633.0,2016
516,160550002005,1254.0,600.0,962.0,386.0,2016
517,160550007002,9434.0,3474.0,7173.0,4283.0,2016
518,160550001002,1913.0,1282.0,1722.0,726.0,2016
519,160550001001,1299.0,990.0,1013.0,386.0,2016
520,160550016002,2103.0,1001.0,1692.0,878.0,2016
521,160550016001,717.0,384.0,615.0,241.0,2016
522,160550019001,1883.0,847.0,1537.0,704.0,2016
523,160550005001,6434.0,2712.0,4997.0,3165.0,2016
524,160550009003,1100.0,602.0,973.0,436.0,2016
525,160550013002,3428.0,1228.0,2592.0,1478.0,2016
526,160550015002,685.0,270.0,555.0,242.0,2016
527,160550015003,1123.0,556.0,953.0,648.0,2016
528,160550011001,2092.0,833.0,1766.0,903.0,2016
529,160550012001,1597.0,795.0,1410.0,506.0,2016
530,160550012003,3362.0,1327.0,2545.0,1488.0,2016
531,160550017001,1843.0,699.0,1497.0,555.0,2016
532,160550017003,1430.0,733.0,1228.0,561.0,2016
533,160550018003,5099.0,2130.0,3966.0,2003.0,2016
534,160550018001,1234.0,524.0,1130.0,554.0,2016
535,160550004012,2302.0,917.0,1946.0,835.0,2016
536,160550006023,1788.0,708.0,1419.0,911.0,2016
537,160550006022,2664.0,1158.0,2239.0,1381.0,2016
538,160550004022,3923.0,1284.0,2739.0,1620.0,2016
539,160550010021,1962.0,732.0,1505.0,678.0,2016
540,160550003022,4580.0,1604.0,3101.0,1717.0,2016
541,160550008001,2791.0,1327.0,2305.0,1281.0,2016
542,160550008002,1853.0,762.0,1487.0,691.0,2016
543,160550003021,1041.0,473.0,922.0,390.0,2016
544,160550005003,3413.0,1208.0,2288.0,1428.0,2016
545,160550009004,749.0,495.0,698.0,204.0,2016
546,160559400002,891.0,1052.0,821.0,236.0,2016
547,160550020001,1901.0,1021.0,1549.0,722.0,2016
548,160550005002,2615.0,1117.0,1923.0,1038.0,2016
549,160550009002,1116.0,835.0,967.0,296.0,2016
550,160550013001,1371.0,548.0,935.0,618.0,2016
551,160550015001,1490.0,698.0,1189.0,781.0,2016
552,160550012002,1926.0,791.0,1464.0,907.0,2016
553,160550014001,1094.0,750.0,976.0,456.0,2016
554,160550017002,1247.0,626.0,1037.0,692.0,2016
555,160550018004,1114.0,449.0,824.0,522.0,2016
556,160550018002,988.0,1144.0,890.0,231.0,2016
557,160550004011,3947.0,1530.0,2890.0,1929.0,2016
558,160550006021,1391.0,605.0,1014.0,410.0,2016
559,160550004021,4010.0,1721.0,3095.0,1556.0,2016
560,160550003023,1413.0,491.0,1067.0,589.0,2016
561,160550006011,2727.0,1132.0,2179.0,837.0,2016
562,160550007003,3727.0,2126.0,3159.0,1920.0,2016
563,160550020002,1816.0,895.0,1561.0,875.0,2016
564,160550006012,1590.0,728.0,1368.0,727.0,2016
565,160550009001,2066.0,956.0,1545.0,850.0,2016
566,160550014002,1787.0,823.0,1526.0,971.0,2016
567,160550010022,2455.0,922.0,1890.0,1133.0,2016
568,160830005001,950.0,453.0,811.0,438.0,2016
569,160830015002,768.0,376.0,614.0,329.0,2016
570,160830002001,3099.0,1249.0,2339.0,1423.0,2016
571,160830002002,1594.0,566.0,1205.0,580.0,2016
572,160830002003,1624.0,879.0,1446.0,607.0,2016
573,160830009001,3348.0,1251.0,2582.0,1347.0,2016
574,160830009002,1784.0,623.0,1435.0,678.0,2016
575,160830012001,907.0,469.0,773.0,407.0,2016
576,160830011001,705.0,379.0,594.0,410.0,2016
577,160830011003,1895.0,649.0,1472.0,786.0,2016
578,160830012002,1727.0,617.0,1202.0,830.0,2016
579,160830010001,2501.0,980.0,1649.0,1037.0,2016
580,160830010004,887.0,414.0,815.0,422.0,2016
581,160830010003,1581.0,585.0,1179.0,855.0,2016
582,160830010002,3281.0,1259.0,2615.0,1472.0,2016
583,160830008001,1394.0,466.0,906.0,631.0,2016
584,160830008004,1690.0,665.0,1365.0,741.0,2016
585,160830007004,1092.0,423.0,748.0,469.0,2016
586,160830007002,2604.0,1020.0,2169.0,1389.0,2016
587,160830007003,1094.0,324.0,895.0,470.0,2016
588,160830006003,1366.0,546.0,1096.0,652.0,2016
589,160830012003,2384.0,928.0,1787.0,1272.0,2016
590,160830012004,2896.0,995.0,1804.0,1103.0,2016
591,160830010005,888.0,349.0,629.0,414.0,2016
592,160830008005,1175.0,497.0,894.0,635.0,2016
593,160830007005,1071.0,554.0,827.0,426.0,2016
594,160830007001,6553.0,2301.0,4403.0,3101.0,2016
595,160159502004,2276.0,1288.0,1938.0,904.0,2016
596,160159502002,1607.0,1003.0,1362.0,561.0,2016
597,160010023022,3663.0,1383.0,2739.0,1799.0,2016
598,160010023021,1549.0,513.0,1346.0,912.0,2016
599,160010016002,2565.0,1045.0,2083.0,1215.0,2016
600,160010019001,2633.0,1165.0,2055.0,1075.0,2016
601,160010019003,1343.0,566.0,1050.0,666.0,2016
602,160010022221,6034.0,2210.0,4431.0,2810.0,2016
603,160010010004,886.0,336.0,758.0,479.0,2016
604,160010010001,1881.0,1050.0,1764.0,1039.0,2016
605,160010018002,1509.0,641.0,1232.0,611.0,2016
606,160010018003,1698.0,810.0,1417.0,843.0,2016
607,160010103132,5656.0,1787.0,4288.0,2561.0,2016
608,160010008024,2758.0,1132.0,1978.0,1137.0,2016
609,160010008023,1494.0,721.0,1291.0,909.0,2016
610,160010022231,4438.0,1499.0,3327.0,2017.0,2016
611,160010105031,4705.0,1659.0,3433.0,2127.0,2016
612,160010008042,2023.0,1290.0,1695.0,659.0,2016
613,160010103342,3734.0,1435.0,2810.0,1593.0,2016
614,160010103341,2952.0,1080.0,2166.0,1448.0,2016
615,160010023122,1811.0,815.0,1441.0,799.0,2016
616,160010008021,406.0,254.0,371.0,255.0,2016
617,160010008022,1124.0,442.0,933.0,495.0,2016
618,160010103211,4870.0,2007.0,3578.0,1742.0,2016
619,160010004001,726.0,335.0,617.0,303.0,2016
620,160010004004,883.0,499.0,801.0,570.0,2016
621,160010102212,1788.0,787.0,1413.0,607.0,2016
622,160010103322,1296.0,634.0,1110.0,624.0,2016
623,160010103321,13439.0,4481.0,9208.0,5464.0,2016
624,160010104014,4350.0,1524.0,3235.0,1978.0,2016
625,160010104012,11785.0,3128.0,7815.0,5047.0,2016
626,160010104013,3801.0,1328.0,2916.0,1847.0,2016
627,160010104011,2790.0,939.0,2122.0,1376.0,2016
628,160010021001,359.0,191.0,334.0,144.0,2016
629,160010021002,1643.0,661.0,1336.0,721.0,2016
630,160010002012,624.0,302.0,485.0,306.0,2016
631,160010008043,1330.0,718.0,1216.0,926.0,2016
632,160010008041,3251.0,1648.0,2821.0,1762.0,2016
633,160010003031,1919.0,1194.0,1736.0,965.0,2016
634,160010002013,667.0,327.0,565.0,373.0,2016
635,160010002011,2009.0,816.0,1668.0,850.0,2016
636,160010007012,1274.0,738.0,1078.0,743.0,2016
637,160010007011,1874.0,812.0,1518.0,926.0,2016
638,160010007013,1727.0,1010.0,1450.0,767.0,2016
639,160010103353,6281.0,2637.0,5335.0,2209.0,2016
640,160010103354,2441.0,943.0,2295.0,1215.0,2016
641,160010102253,1914.0,921.0,1606.0,600.0,2016
642,160010102252,3536.0,1628.0,2851.0,1189.0,2016
643,160010023131,2831.0,1138.0,2276.0,1328.0,2016
644,160010023132,1376.0,525.0,1138.0,677.0,2016
645,160010022243,1537.0,568.0,1141.0,765.0,2016
646,160010105041,4394.0,1606.0,3033.0,1940.0,2016
647,160010008052,865.0,373.0,696.0,468.0,2016
648,160010003043,1025.0,409.0,781.0,514.0,2016
649,160010003041,2356.0,1184.0,1968.0,1185.0,2016
650,160010002024,1211.0,573.0,966.0,674.0,2016
651,160010102232,4067.0,1932.0,3482.0,1802.0,2016
652,160010002022,1360.0,570.0,1243.0,884.0,2016
653,160010012022,2509.0,1219.0,2268.0,1402.0,2016
654,160010012023,2705.0,1455.0,2230.0,1236.0,2016
655,160010012021,1240.0,726.0,1136.0,612.0,2016
656,160010015003,1079.0,515.0,876.0,450.0,2016
657,160010015001,1474.0,657.0,1248.0,695.0,2016
658,160010024101,1231.0,467.0,1094.0,595.0,2016
659,160010024104,2042.0,898.0,1645.0,730.0,2016
660,160010024121,2059.0,921.0,1623.0,826.0,2016
661,160010104022,2493.0,809.0,1880.0,1340.0,2016
662,160010005001,1660.0,740.0,1358.0,747.0,2016
663,160010105011,6520.0,825.0,6096.0,967.0,2016
664,160010001003,1695.0,1178.0,1594.0,661.0,2016
665,160010001002,1062.0,750.0,920.0,519.0,2016
666,160010005003,1178.0,605.0,916.0,635.0,2016
667,160010014002,1167.0,666.0,1035.0,688.0,2016
668,160010014003,904.0,460.0,636.0,440.0,2016
669,160010017002,2128.0,758.0,1491.0,982.0,2016
670,160010017003,1042.0,748.0,985.0,638.0,2016
671,160010009001,2100.0,383.0,2081.0,686.0,2016
672,160010009003,1456.0,672.0,1390.0,984.0,2016
673,160010009004,1748.0,656.0,1385.0,921.0,2016
674,160010023103,3413.0,1061.0,2581.0,1686.0,2016
675,160010023102,2836.0,1133.0,2106.0,1209.0,2016
676,160010102012,7190.0,2608.0,4969.0,2926.0,2016
677,160010102013,1970.0,761.0,1626.0,904.0,2016
678,160010002021,1431.0,613.0,1167.0,708.0,2016
679,160010007021,3121.0,1166.0,2389.0,1409.0,2016
680,160010006004,928.0,415.0,730.0,434.0,2016
681,160010006003,769.0,359.0,568.0,438.0,2016
682,160010006006,997.0,659.0,851.0,501.0,2016
683,160010006002,952.0,617.0,807.0,505.0,2016
684,160010008031,836.0,423.0,784.0,413.0,2016
685,160010008033,1043.0,387.0,829.0,475.0,2016
686,160010008034,1590.0,700.0,1315.0,876.0,2016
687,160010022212,1913.0,634.0,1361.0,850.0,2016
688,160010022213,4473.0,1700.0,3747.0,2492.0,2016
689,160010024111,1497.0,606.0,1224.0,758.0,2016
690,160010024112,1211.0,462.0,893.0,652.0,2016
691,160010024131,3246.0,886.0,2447.0,1183.0,2016
692,160010024132,2802.0,1107.0,2134.0,957.0,2016
693,160010024133,1436.0,711.0,1174.0,655.0,2016
694,160010103221,2046.0,856.0,1649.0,883.0,2016
695,160010103222,1840.0,788.0,1478.0,821.0,2016
696,160010103313,6833.0,2091.0,4813.0,2962.0,2016
697,160010003021,1167.0,545.0,996.0,628.0,2016
698,160010103133,11895.0,4342.0,8500.0,5354.0,2016
699,160010103311,10195.0,3927.0,7520.0,3830.0,2016
700,160010023104,2109.0,890.0,1593.0,999.0,2016
701,160010103334,2648.0,976.0,2063.0,1245.0,2016
702,160010103332,3600.0,1197.0,2584.0,1781.0,2016
703,160010024122,1820.0,953.0,1580.0,668.0,2016
704,160010017004,2267.0,777.0,1731.0,1118.0,2016
705,160010011003,1291.0,523.0,990.0,582.0,2016
706,160010020003,980.0,534.0,850.0,533.0,2016
707,160010011002,1149.0,546.0,940.0,479.0,2016
708,160010020001,684.0,328.0,647.0,438.0,2016
709,160010102211,5368.0,2065.0,4286.0,2057.0,2016
710,160010011001,1762.0,880.0,1278.0,536.0,2016
711,160010020002,1692.0,774.0,1305.0,872.0,2016
712,160010020004,1000.0,513.0,703.0,313.0,2016
713,160010015002,1205.0,517.0,953.0,611.0,2016
714,160010024103,1697.0,526.0,1312.0,826.0,2016
715,160010024102,2379.0,869.0,1817.0,1340.0,2016
716,160010104021,9647.0,3173.0,6996.0,4609.0,2016
717,160010001001,1273.0,777.0,1076.0,614.0,2016
718,160010005004,1358.0,667.0,1146.0,784.0,2016
719,160010005005,958.0,431.0,798.0,562.0,2016
720,160010014001,1372.0,829.0,1239.0,870.0,2016
721,160010017001,657.0,297.0,631.0,521.0,2016
722,160010102231,2415.0,1105.0,1909.0,1058.0,2016
723,160010009002,745.0,310.0,730.0,530.0,2016
724,160010023101,2333.0,804.0,1873.0,1044.0,2016
725,160010102011,1398.0,495.0,1163.0,560.0,2016
726,160010014004,1272.0,828.0,1109.0,662.0,2016
727,160010012011,1850.0,844.0,1651.0,852.0,2016
728,160010006001,698.0,434.0,649.0,429.0,2016
729,160010006005,827.0,415.0,710.0,532.0,2016
730,160010008032,806.0,342.0,681.0,487.0,2016
731,160010022211,2347.0,991.0,1956.0,1243.0,2016
732,160010024113,2672.0,1000.0,2351.0,1455.0,2016
733,160010024134,1604.0,351.0,1114.0,647.0,2016
734,160010101001,6493.0,2470.0,4681.0,2607.0,2016
735,160010103223,3361.0,1244.0,2350.0,1263.0,2016
736,160010003022,2099.0,932.0,1711.0,890.0,2016
737,160010103312,4091.0,1425.0,3051.0,2032.0,2016
738,160010023024,3598.0,1320.0,2719.0,1406.0,2016
739,160010103333,2894.0,1148.0,2222.0,1410.0,2016
740,160010023023,1089.0,388.0,839.0,548.0,2016
741,160010103331,2441.0,1219.0,1926.0,977.0,2016
742,160010016003,744.0,331.0,601.0,431.0,2016
743,160010019002,886.0,393.0,788.0,580.0,2016
744,160010010002,2563.0,1106.0,1916.0,1236.0,2016
745,160010010003,1362.0,697.0,1173.0,689.0,2016
746,160010018001,1325.0,539.0,1084.0,563.0,2016
747,160010103131,4308.0,1632.0,3452.0,1954.0,2016
748,160010102241,4854.0,1660.0,3730.0,2106.0,2016
749,160010023121,3719.0,1491.0,2918.0,1724.0,2016
750,160010103212,2403.0,1098.0,1954.0,1301.0,2016
751,160010004005,1107.0,493.0,873.0,523.0,2016
752,160010004002,1756.0,914.0,1557.0,1014.0,2016
753,160010103352,2301.0,919.0,1785.0,1169.0,2016
754,160010103351,13485.0,3630.0,8425.0,4785.0,2016
755,160010102251,3836.0,1408.0,3052.0,1232.0,2016
756,160010022241,1441.0,440.0,1032.0,367.0,2016
757,160010105042,2770.0,1000.0,2066.0,1327.0,2016
758,160010008051,2239.0,906.0,1721.0,953.0,2016
759,160010003042,3185.0,1434.0,2436.0,1523.0,2016
760,160010002023,1612.0,602.0,1300.0,662.0,2016
761,160010022242,3627.0,1238.0,2722.0,1645.0,2016
762,160010016001,1324.0,558.0,1099.0,666.0,2016
763,160010004003,1042.0,586.0,717.0,493.0,2016
764,160010005002,1064.0,364.0,832.0,662.0,2016
765,160010012012,1313.0,609.0,996.0,514.0,2016
766,160050008001,2342.0,1212.0,1913.0,1225.0,2016
767,160050014002,633.0,357.0,518.0,250.0,2016
768,160050014004,848.0,451.0,686.0,376.0,2016
769,160050015004,802.0,242.0,591.0,265.0,2016
770,160050015005,1026.0,347.0,761.0,455.0,2016
771,160050016022,687.0,250.0,445.0,298.0,2016
772,160050016023,1159.0,549.0,837.0,537.0,2016
773,160050005001,1936.0,647.0,1576.0,923.0,2016
774,160050002003,1539.0,573.0,1252.0,500.0,2016
775,160050016032,2148.0,750.0,1796.0,823.0,2016
776,160050009001,2088.0,800.0,1518.0,983.0,2016
777,160050012003,1684.0,570.0,1114.0,740.0,2016
778,160050010002,866.0,329.0,650.0,362.0,2016
779,160050010001,1294.0,554.0,1017.0,475.0,2016
780,160050003004,2206.0,931.0,1659.0,607.0,2016
781,160050003001,3541.0,1088.0,2306.0,1480.0,2016
782,160050006002,2160.0,737.0,1630.0,759.0,2016
783,160050013001,865.0,440.0,647.0,422.0,2016
784,160050017001,2462.0,1076.0,2171.0,1155.0,2016
785,160050017002,854.0,322.0,592.0,331.0,2016
786,160050011012,1821.0,780.0,1379.0,842.0,2016
787,160050011013,1146.0,382.0,946.0,445.0,2016
788,160050011023,702.0,382.0,656.0,388.0,2016
789,160050011021,1434.0,474.0,944.0,480.0,2016
790,160050016012,1221.0,663.0,975.0,674.0,2016
791,160050007001,1667.0,608.0,1462.0,577.0,2016
792,160050007002,1184.0,634.0,1058.0,634.0,2016
793,160050007003,1324.0,423.0,1156.0,498.0,2016
794,160050003002,922.0,332.0,656.0,333.0,2016
795,160050006001,1735.0,658.0,1526.0,631.0,2016
796,160050013002,920.0,352.0,729.0,341.0,2016
797,160050011011,2777.0,975.0,2098.0,1057.0,2016
798,160050011014,1784.0,491.0,1103.0,714.0,2016
799,160050011022,1400.0,522.0,1052.0,668.0,2016
800,160050014003,622.0,257.0,444.0,280.0,2016
801,160050014001,1028.0,400.0,852.0,571.0,2016
802,160050015003,790.0,283.0,514.0,246.0,2016
803,160050015001,673.0,299.0,503.0,231.0,2016
804,160050016021,1748.0,775.0,1283.0,808.0,2016
805,160050002001,964.0,359.0,696.0,407.0,2016
806,160050016031,952.0,522.0,753.0,501.0,2016
807,160050009002,654.0,362.0,441.0,191.0,2016
808,160050004002,2187.0,792.0,1649.0,1050.0,2016
809,160050012001,859.0,317.0,646.0,360.0,2016
810,160050003003,2550.0,1104.0,1924.0,1023.0,2016
811,160059818001,271.0,113.0,193.0,144.0,2016
812,160050015002,2687.0,1002.0,1959.0,928.0,2016
813,160050004001,3374.0,1041.0,2157.0,1351.0,2016
814,160050013003,865.0,340.0,593.0,388.0,2016
815,160119507001,1973.0,631.0,1355.0,858.0,2016
816,160119501003,2848.0,1052.0,2235.0,1207.0,2016
817,160119505004,2274.0,713.0,1220.0,655.0,2016
818,160119505003,1478.0,602.0,1190.0,876.0,2016
819,160119504005,1378.0,449.0,1012.0,654.0,2016
820,160119504002,1590.0,544.0,1001.0,559.0,2016
821,160119506003,799.0,287.0,640.0,299.0,2016
822,160119505002,1393.0,590.0,937.0,427.0,2016
823,160119505001,2263.0,914.0,1750.0,939.0,2016
824,160119504001,1784.0,710.0,1483.0,900.0,2016
825,160199710004,1000.0,339.0,817.0,503.0,2016
826,160199714001,1392.0,596.0,1074.0,655.0,2016
827,160199710005,1364.0,588.0,955.0,538.0,2016
828,160199710002,640.0,245.0,511.0,345.0,2016
829,160199710003,599.0,310.0,446.0,195.0,2016
830,160199710006,807.0,291.0,606.0,266.0,2016
831,160199710001,720.0,294.0,557.0,312.0,2016
832,160199712003,1649.0,835.0,1428.0,813.0,2016
833,160199712001,1116.0,517.0,861.0,566.0,2016
834,160199712004,245.0,153.0,215.0,125.0,2016
835,160199712002,1158.0,499.0,859.0,397.0,2016
836,160199703001,1673.0,545.0,1176.0,643.0,2016
837,160199703002,1602.0,553.0,1088.0,676.0,2016
838,160199704011,1911.0,645.0,1433.0,812.0,2016
839,160199704012,623.0,284.0,451.0,224.0,2016
840,160199704021,1228.0,446.0,850.0,460.0,2016
841,160199708002,1107.0,484.0,805.0,433.0,2016
842,160199704033,3279.0,959.0,2272.0,1315.0,2016
843,160199704031,5290.0,1692.0,3320.0,2226.0,2016
844,160199701001,1203.0,973.0,1078.0,444.0,2016
845,160199707003,1197.0,344.0,827.0,397.0,2016
846,160199707001,723.0,356.0,655.0,481.0,2016
847,160199706031,2084.0,865.0,1693.0,885.0,2016
848,160199706021,1840.0,634.0,1169.0,851.0,2016
849,160199709001,1110.0,505.0,866.0,447.0,2016
850,160199709002,1087.0,431.0,906.0,513.0,2016
851,160199713022,870.0,391.0,585.0,376.0,2016
852,160199705011,8553.0,2847.0,5699.0,3532.0,2016
853,160199705031,5325.0,1853.0,3473.0,1855.0,2016
854,160199706012,1025.0,399.0,750.0,353.0,2016
855,160199706011,625.0,226.0,490.0,271.0,2016
856,160199707002,3317.0,1053.0,2688.0,1174.0,2016
857,160199713013,1268.0,513.0,863.0,441.0,2016
858,160199713012,1739.0,674.0,1241.0,908.0,2016
859,160199713014,769.0,349.0,610.0,325.0,2016
860,160199713015,1778.0,416.0,997.0,626.0,2016
861,160199705022,1687.0,601.0,1225.0,756.0,2016
862,160199711005,570.0,414.0,495.0,239.0,2016
863,160199711001,894.0,406.0,703.0,428.0,2016
864,160199711004,489.0,236.0,414.0,207.0,2016
865,160199711003,526.0,257.0,413.0,258.0,2016
866,160199714002,1929.0,685.0,1491.0,868.0,2016
867,160199701004,1203.0,332.0,806.0,458.0,2016
868,160199714003,3351.0,965.0,2259.0,1333.0,2016
869,160199701003,1443.0,495.0,994.0,536.0,2016
870,160199715001,680.0,268.0,494.0,271.0,2016
871,160199715002,1006.0,453.0,749.0,355.0,2016
872,160199713011,1131.0,512.0,1009.0,697.0,2016
873,160199705021,1453.0,596.0,987.0,639.0,2016
874,160199705023,2334.0,770.0,1544.0,923.0,2016
875,160199711002,884.0,519.0,739.0,470.0,2016
876,160199714004,2200.0,755.0,1614.0,928.0,2016
877,160199706023,1246.0,648.0,1055.0,622.0,2016
878,160199709003,2641.0,880.0,1789.0,859.0,2016
879,160199713021,991.0,349.0,676.0,382.0,2016
880,160199713023,1550.0,658.0,1291.0,643.0,2016
881,160199704022,2863.0,924.0,2023.0,1111.0,2016
882,160199708004,1067.0,426.0,722.0,442.0,2016
883,160199708001,798.0,370.0,742.0,452.0,2016
884,160199704032,2734.0,745.0,1770.0,1272.0,2016
885,160199701002,1397.0,440.0,1012.0,492.0,2016
886,160199707004,677.0,337.0,604.0,215.0,2016
887,160199706013,1205.0,381.0,856.0,478.0,2016
888,160199713024,1495.0,617.0,1048.0,611.0,2016
889,160199706022,2562.0,1245.0,2009.0,1176.0,2016
890,160199708003,870.0,329.0,572.0,252.0,2016
891,160519603002,649.0,357.0,499.0,268.0,2016
892,160519603003,2369.0,779.0,1523.0,888.0,2016
893,160519602003,1759.0,544.0,1317.0,662.0,2016
894,160519604001,2064.0,666.0,1503.0,994.0,2016
895,160519604004,4925.0,1288.0,3067.0,1770.0,2016
896,160519601001,1227.0,518.0,886.0,456.0,2016
897,160519604003,2678.0,865.0,2038.0,1117.0,2016
898,160519603004,3136.0,989.0,1888.0,1138.0,2016
899,160759604002,2006.0,755.0,1241.0,682.0,2016
900,160399602001,2228.0,768.0,1731.0,825.0,2016
901,160399601001,444.0,931.0,397.0,102.0,2016
902,160659503021,1235.0,821.0,1204.0,530.0,2016
903,160659503024,2400.0,944.0,2081.0,1190.0,2016
904,160659503023,1987.0,640.0,1722.0,876.0,2016
905,160659503014,603.0,206.0,541.0,235.0,2016
906,160659503012,2121.0,654.0,1968.0,675.0,2016
907,160659504002,1571.0,585.0,1012.0,607.0,2016
908,160659504003,1412.0,379.0,915.0,451.0,2016
909,160659505002,1880.0,577.0,1421.0,815.0,2016
910,160659505001,1551.0,400.0,1092.0,777.0,2016
911,160659502003,1063.0,319.0,803.0,404.0,2016
912,160659503022,7002.0,2355.0,4750.0,2598.0,2016
913,160659503015,833.0,320.0,727.0,312.0,2016
914,160659503013,381.0,0.0,381.0,36.0,2016
915,160659504001,2816.0,1104.0,2210.0,1064.0,2016
916,160659502001,1382.0,525.0,1126.0,595.0,2016
917,160659501002,1757.0,510.0,1352.0,740.0,2016
918,160659505003,1849.0,481.0,1010.0,618.0,2016
919,160659502002,1714.0,569.0,1254.0,715.0,2016
920,160659501001,2021.0,656.0,1558.0,970.0,2016
921,160270203004,1939.0,625.0,1293.0,754.0,2016
922,160270217002,4012.0,1538.0,2968.0,1811.0,2016
923,160270204021,1126.0,373.0,849.0,467.0,2016
924,160270204025,1884.0,714.0,1353.0,581.0,2016
925,160270204023,924.0,272.0,703.0,429.0,2016
926,160270204024,634.0,368.0,523.0,232.0,2016
927,160270213001,1360.0,484.0,956.0,495.0,2016
928,160270218001,2406.0,748.0,1669.0,732.0,2016
929,160270223001,1422.0,710.0,1225.0,448.0,2016
930,160270224001,3263.0,1062.0,2634.0,1242.0,2016
931,160270212003,4096.0,1343.0,2655.0,1504.0,2016
932,160270212002,1495.0,584.0,1076.0,528.0,2016
933,160270201001,1078.0,607.0,978.0,514.0,2016
934,160270217003,2878.0,949.0,1911.0,1123.0,2016
935,160270207002,2578.0,927.0,2007.0,1183.0,2016
936,160270202001,1015.0,419.0,739.0,367.0,2016
937,160270202002,1944.0,611.0,1198.0,492.0,2016
938,160270202003,1244.0,496.0,938.0,503.0,2016
939,160270203002,1321.0,466.0,1059.0,641.0,2016
940,160270219032,4587.0,1506.0,3459.0,1545.0,2016
941,160270219033,898.0,380.0,699.0,409.0,2016
942,160270205031,3221.0,1172.0,2417.0,1078.0,2016
943,160270205011,1640.0,617.0,1188.0,647.0,2016
944,160270206011,5828.0,1703.0,3876.0,2373.0,2016
945,160270210011,13550.0,4183.0,9156.0,5446.0,2016
946,160270209021,6641.0,2052.0,4681.0,2658.0,2016
947,160270209023,3510.0,1227.0,2948.0,1611.0,2016
948,160270206025,1097.0,374.0,866.0,419.0,2016
949,160270206026,1438.0,468.0,972.0,504.0,2016
950,160270206024,1260.0,413.0,878.0,210.0,2016
951,160270215002,656.0,305.0,488.0,215.0,2016
952,160270215004,811.0,359.0,693.0,289.0,2016
953,160270215005,2211.0,583.0,1785.0,825.0,2016
954,160270216003,1184.0,526.0,985.0,419.0,2016
955,160270216002,1835.0,759.0,1407.0,628.0,2016
956,160270216001,1141.0,486.0,831.0,394.0,2016
957,160270211002,4851.0,1543.0,3649.0,2233.0,2016
958,160270211001,7049.0,2381.0,4859.0,2825.0,2016
959,160270205043,1032.0,550.0,864.0,511.0,2016
960,160270205042,2964.0,1203.0,1996.0,1151.0,2016
961,160270209011,7662.0,1807.0,5176.0,3147.0,2016
962,160270209013,2297.0,829.0,1716.0,1043.0,2016
963,160270209012,3682.0,1873.0,3047.0,1469.0,2016
964,160270204012,5924.0,2085.0,3924.0,2273.0,2016
965,160270204014,720.0,250.0,561.0,295.0,2016
966,160270210024,3648.0,1538.0,2842.0,1182.0,2016
967,160270210023,1958.0,721.0,1461.0,1106.0,2016
968,160270210022,2540.0,971.0,1850.0,869.0,2016
969,160270210021,2400.0,806.0,1828.0,952.0,2016
970,160270209022,4960.0,1814.0,3502.0,2052.0,2016
971,160270206023,756.0,412.0,640.0,363.0,2016
972,160270206022,1806.0,604.0,1313.0,781.0,2016
973,160270218003,2819.0,1072.0,2290.0,1031.0,2016
974,160270223002,2004.0,739.0,1559.0,614.0,2016
975,160270224002,1433.0,610.0,1169.0,548.0,2016
976,160270212001,1576.0,600.0,1074.0,509.0,2016
977,160270222003,2484.0,837.0,1729.0,875.0,2016
978,160270203001,794.0,413.0,613.0,271.0,2016
979,160270215003,840.0,361.0,597.0,330.0,2016
980,160270219031,4805.0,1737.0,3833.0,1822.0,2016
981,160270205012,1866.0,615.0,1334.0,780.0,2016
982,160270219042,1351.0,385.0,808.0,371.0,2016
983,160270205041,1612.0,508.0,1307.0,778.0,2016
984,160270203003,877.0,296.0,682.0,405.0,2016
985,160270211003,4358.0,1696.0,3059.0,1849.0,2016
986,160270204022,1043.0,512.0,846.0,498.0,2016
987,160270217001,5356.0,1459.0,3812.0,2133.0,2016
988,160270206021,1311.0,480.0,1208.0,733.0,2016
989,160270215001,659.0,242.0,436.0,155.0,2016
990,160270218002,1137.0,538.0,992.0,437.0,2016
991,160570052005,2448.0,1052.0,2078.0,1336.0,2016
992,160570052002,709.0,318.0,664.0,265.0,2016
993,160570052004,1769.0,744.0,1406.0,669.0,2016
994,160570052001,596.0,329.0,525.0,245.0,2016
995,160570053001,661.0,338.0,565.0,414.0,2016
996,160570053004,2044.0,1088.0,1864.0,1010.0,2016
997,160570053006,1047.0,331.0,788.0,405.0,2016
998,160570054002,735.0,428.0,693.0,302.0,2016
999,160570054003,3403.0,279.0,3269.0,922.0,2016
1000,160570051001,3029.0,1167.0,2344.0,1326.0,2016
1001,160570051005,496.0,291.0,472.0,329.0,2016
1002,160570051002,2960.0,1395.0,2814.0,1491.0,2016
1003,160570051003,806.0,308.0,617.0,366.0,2016
1004,160570051004,958.0,571.0,898.0,606.0,2016
1005,160570052003,1124.0,382.0,651.0,381.0,2016
1006,160570053003,744.0,400.0,659.0,425.0,2016
1007,160570053002,552.0,312.0,474.0,244.0,2016
1008,160570053005,1739.0,695.0,1146.0,829.0,2016
1009,160570054004,850.0,432.0,850.0,324.0,2016
1010,160570057003,1465.0,602.0,1097.0,678.0,2016
1011,160570054001,1481.0,686.0,1233.0,794.0,2016
1012,160459601001,1444.0,657.0,1207.0,357.0,2017
1013,160039502002,870.0,427.0,762.0,287.0,2017
1014,160550003011,3010.0,1331.0,2384.0,1039.0,2017
1015,160550003012,2913.0,1126.0,2355.0,1248.0,2017
1016,160550003021,1148.0,482.0,999.0,429.0,2017
1017,160550003022,4961.0,1766.0,3368.0,2079.0,2017
1018,160550003023,1537.0,506.0,1133.0,615.0,2017
1019,160550004011,3870.0,1712.0,2957.0,1931.0,2017
1020,160550004012,2231.0,868.0,1939.0,858.0,2017
1021,160550004021,4674.0,1865.0,3356.0,1858.0,2017
1022,160550004022,3563.0,1309.0,2445.0,1605.0,2017
1023,160550005003,3617.0,1340.0,2553.0,1619.0,2017
1024,160550006011,2601.0,1142.0,2039.0,875.0,2017
1025,160550006012,1476.0,749.0,1279.0,572.0,2017
1026,160550006021,1612.0,646.0,1192.0,475.0,2017
1027,160550006022,2661.0,1150.0,2090.0,1240.0,2017
1028,160550006023,1907.0,705.0,1485.0,989.0,2017
1029,160550007003,4072.0,2174.0,3319.0,1838.0,2017
1030,160550009004,759.0,535.0,708.0,197.0,2017
1031,160550010011,2974.0,1129.0,2371.0,1357.0,2017
1032,160550010012,2101.0,925.0,1668.0,695.0,2017
1033,160550010013,1398.0,639.0,1126.0,679.0,2017
1034,160550010021,2020.0,819.0,1582.0,804.0,2017
1035,160550010022,2533.0,919.0,1979.0,1220.0,2017
1036,160559400002,958.0,1059.0,868.0,303.0,2017
1037,160550002004,2650.0,937.0,2261.0,1095.0,2017
1038,160550002003,1534.0,652.0,1355.0,657.0,2017
1039,160550002005,1416.0,651.0,1093.0,441.0,2017
1040,160550007001,3971.0,1390.0,3123.0,1673.0,2017
1041,160550007002,9709.0,3565.0,7273.0,4199.0,2017
1042,160550001002,1886.0,1227.0,1706.0,809.0,2017
1043,160550001001,1510.0,1152.0,1218.0,448.0,2017
1044,160550016002,2068.0,1000.0,1657.0,963.0,2017
1045,160550016001,772.0,396.0,658.0,294.0,2017
1046,160550019001,1781.0,808.0,1444.0,784.0,2017
1047,160550005001,6284.0,2666.0,4806.0,2993.0,2017
1048,160550005002,2905.0,1211.0,2129.0,1422.0,2017
1049,160550009001,2154.0,1010.0,1612.0,911.0,2017
1050,160550009003,1215.0,688.0,1099.0,531.0,2017
1051,160550009002,1000.0,773.0,902.0,297.0,2017
1052,160550013002,3343.0,1195.0,2509.0,1419.0,2017
1053,160550013001,1233.0,538.0,849.0,571.0,2017
1054,160550015002,804.0,286.0,648.0,312.0,2017
1055,160550015003,1173.0,573.0,985.0,690.0,2017
1056,160550015001,1528.0,664.0,1206.0,789.0,2017
1057,160550011001,2168.0,847.0,1850.0,959.0,2017
1058,160550012001,1616.0,813.0,1419.0,496.0,2017
1059,160550012002,1871.0,772.0,1476.0,915.0,2017
1060,160550012003,3293.0,1294.0,2472.0,1485.0,2017
1061,160550014001,1165.0,816.0,1067.0,555.0,2017
1062,160550014002,1718.0,813.0,1590.0,959.0,2017
1063,160550017001,1751.0,671.0,1305.0,514.0,2017
1064,160550017002,1269.0,690.0,1068.0,671.0,2017
1065,160550017003,1390.0,756.0,1186.0,504.0,2017
1066,160550018003,4800.0,2074.0,3831.0,1848.0,2017
1067,160550018004,1351.0,495.0,990.0,609.0,2017
1068,160550018001,1329.0,525.0,1146.0,588.0,2017
1069,160550018002,1039.0,1210.0,928.0,260.0,2017
1070,160550008001,3017.0,1452.0,2494.0,1350.0,2017
1071,160550008002,1573.0,684.0,1312.0,610.0,2017
1072,160550020001,1869.0,1084.0,1447.0,634.0,2017
1073,160550020002,1881.0,954.0,1669.0,855.0,2017
1074,160830002001,3234.0,1323.0,2514.0,1562.0,2017
1075,160830002002,1774.0,568.0,1236.0,661.0,2017
1076,160830002003,1383.0,822.0,1181.0,561.0,2017
1077,160830005001,1202.0,491.0,956.0,541.0,2017
1078,160830006003,1511.0,557.0,1206.0,772.0,2017
1079,160830007001,6443.0,2516.0,4451.0,3172.0,2017
1080,160830007002,2617.0,970.0,2112.0,1309.0,2017
1081,160830007003,1210.0,320.0,937.0,655.0,2017
1082,160830007004,1098.0,406.0,715.0,416.0,2017
1083,160830007005,1105.0,590.0,817.0,437.0,2017
1084,160830008001,1351.0,465.0,827.0,476.0,2017
1085,160830008004,1592.0,704.0,1252.0,757.0,2017
1086,160830008005,1191.0,485.0,907.0,637.0,2017
1087,160830009001,3240.0,1249.0,2542.0,1281.0,2017
1088,160830009002,1844.0,620.0,1469.0,706.0,2017
1089,160830010001,2485.0,932.0,1686.0,1146.0,2017
1090,160830010002,3543.0,1342.0,2805.0,1716.0,2017
1091,160830010003,1425.0,588.0,1067.0,776.0,2017
1092,160830010004,898.0,450.0,828.0,456.0,2017
1093,160830010005,874.0,353.0,653.0,436.0,2017
1094,160830011001,785.0,437.0,705.0,470.0,2017
1095,160830011003,2055.0,666.0,1557.0,746.0,2017
1096,160830012001,1058.0,455.0,834.0,496.0,2017
1097,160830012002,1326.0,561.0,1050.0,716.0,2017
1098,160830012003,2313.0,984.0,1638.0,1184.0,2017
1099,160830012004,3241.0,1064.0,2027.0,1392.0,2017
1100,160830015002,723.0,430.0,588.0,328.0,2017
1101,160159502004,2429.0,1359.0,2108.0,1057.0,2017
1102,160159502002,1642.0,977.0,1385.0,557.0,2017
1103,160010009001,2203.0,412.0,2166.0,820.0,2017
1104,160010009003,1478.0,657.0,1398.0,987.0,2017
1105,160010009002,871.0,374.0,828.0,569.0,2017
1106,160010009004,1817.0,705.0,1467.0,952.0,2017
1107,160010023103,3202.0,1149.0,2369.0,1554.0,2017
1108,160010023101,2327.0,859.0,1877.0,968.0,2017
1109,160010023102,2996.0,1153.0,2315.0,1340.0,2017
1110,160010020004,804.0,512.0,585.0,241.0,2017
1111,160010102211,6181.0,2308.0,4817.0,2071.0,2017
1112,160010102212,1681.0,784.0,1313.0,594.0,2017
1113,160010103322,1556.0,676.0,1318.0,842.0,2017
1114,160010103321,14592.0,4904.0,10104.0,5947.0,2017
1115,160010104014,3178.0,1245.0,2495.0,1485.0,2017
1116,160010104012,12873.0,3436.0,8282.0,5569.0,2017
1117,160010104013,4679.0,1407.0,3441.0,1989.0,2017
1118,160010104011,2622.0,946.0,1976.0,1478.0,2017
1119,160010021001,408.0,203.0,326.0,170.0,2017
1120,160010021002,1655.0,683.0,1340.0,770.0,2017
1121,160010102012,7330.0,2732.0,5237.0,2837.0,2017
1122,160010102011,1603.0,548.0,1317.0,588.0,2017
1123,160010102013,2584.0,933.0,2072.0,1210.0,2017
1124,160010023023,1462.0,511.0,1132.0,721.0,2017
1125,160010023022,3335.0,1252.0,2639.0,1668.0,2017
1126,160010023021,1411.0,490.0,1171.0,777.0,2017
1127,160010103331,2893.0,1480.0,2317.0,1299.0,2017
1128,160010016001,1250.0,552.0,1113.0,779.0,2017
1129,160010016002,2728.0,1080.0,2226.0,1337.0,2017
1130,160010016003,681.0,309.0,550.0,389.0,2017
1131,160010019001,2552.0,1182.0,2057.0,1160.0,2017
1132,160010019002,832.0,390.0,756.0,588.0,2017
1133,160010019003,1202.0,538.0,911.0,623.0,2017
1134,160010022221,6257.0,2268.0,4495.0,2835.0,2017
1135,160010012022,2306.0,1240.0,2103.0,1445.0,2017
1136,160010012023,2520.0,1349.0,2068.0,1207.0,2017
1137,160010012021,1564.0,797.0,1375.0,790.0,2017
1138,160010015003,1052.0,501.0,866.0,458.0,2017
1139,160010102252,3581.0,1595.0,2759.0,1136.0,2017
1140,160010102253,2130.0,1056.0,1797.0,724.0,2017
1141,160010103133,12031.0,4708.0,9097.0,5867.0,2017
1142,160010103311,10812.0,4065.0,8031.0,4234.0,2017
1143,160010103312,4652.0,1614.0,3535.0,2201.0,2017
1144,160010103332,3465.0,1150.0,2498.0,1677.0,2017
1145,160010103333,2522.0,1039.0,1875.0,1191.0,2017
1146,160010103334,2951.0,1236.0,2414.0,1480.0,2017
1147,160010103341,3170.0,1148.0,2334.0,1533.0,2017
1148,160010103342,3695.0,1518.0,2886.0,1784.0,2017
1149,160010103351,14282.0,3779.0,9010.0,4946.0,2017
1150,160010103352,2189.0,1011.0,1807.0,1225.0,2017
1151,160010103353,5633.0,2683.0,4807.0,1994.0,2017
1152,160010103354,2679.0,933.0,2476.0,1363.0,2017
1153,160010105031,4542.0,1705.0,3270.0,2090.0,2017
1154,160010105041,4807.0,1742.0,3391.0,2175.0,2017
1155,160010105042,2609.0,1034.0,2036.0,1236.0,2017
1156,160010015002,1124.0,484.0,892.0,587.0,2017
1157,160010015001,1399.0,654.0,1155.0,717.0,2017
1158,160010024103,1860.0,576.0,1471.0,916.0,2017
1159,160010024101,1335.0,481.0,1153.0,588.0,2017
1160,160010024104,1985.0,892.0,1728.0,768.0,2017
1161,160010024102,2240.0,833.0,1822.0,1306.0,2017
1162,160010024121,2113.0,895.0,1601.0,829.0,2017
1163,160010104022,1975.0,787.0,1466.0,920.0,2017
1164,160010104021,10011.0,3303.0,7327.0,4911.0,2017
1165,160010105011,6896.0,828.0,6524.0,970.0,2017
1166,160010001003,1695.0,1178.0,1479.0,728.0,2017
1167,160010001001,1211.0,829.0,1127.0,746.0,2017
1168,160010001002,975.0,744.0,838.0,396.0,2017
1169,160010005004,1360.0,636.0,1128.0,786.0,2017
1170,160010005001,1707.0,813.0,1419.0,836.0,2017
1171,160010005003,1172.0,606.0,916.0,678.0,2017
1172,160010005005,882.0,407.0,684.0,501.0,2017
1173,160010005002,995.0,320.0,754.0,590.0,2017
1174,160010014002,1130.0,633.0,981.0,680.0,2017
1175,160010014001,1388.0,842.0,1230.0,877.0,2017
1176,160010014003,1134.0,507.0,794.0,536.0,2017
1177,160010017002,2412.0,867.0,1679.0,1064.0,2017
1178,160010017001,705.0,354.0,649.0,596.0,2017
1179,160010017003,994.0,615.0,879.0,586.0,2017
1180,160010102231,2587.0,1217.0,2115.0,1144.0,2017
1181,160010006003,684.0,315.0,482.0,348.0,2017
1182,160010006006,1113.0,675.0,935.0,587.0,2017
1183,160010006001,913.0,573.0,737.0,487.0,2017
1184,160010006002,1089.0,714.0,949.0,557.0,2017
1185,160010006004,697.0,315.0,554.0,293.0,2017
1186,160010006005,632.0,336.0,529.0,368.0,2017
1187,160010008031,723.0,390.0,677.0,358.0,2017
1188,160010008033,1209.0,453.0,982.0,531.0,2017
1189,160010008032,798.0,332.0,665.0,519.0,2017
1190,160010008034,1661.0,675.0,1369.0,865.0,2017
1191,160010012011,1977.0,837.0,1721.0,977.0,2017
1192,160010012012,1357.0,609.0,1009.0,554.0,2017
1193,160010022212,1797.0,689.0,1337.0,931.0,2017
1194,160010022211,2783.0,1053.0,2255.0,1270.0,2017
1195,160010022213,4119.0,1673.0,3482.0,2272.0,2017
1196,160010024111,1800.0,645.0,1407.0,870.0,2017
1197,160010024113,2735.0,1001.0,2442.0,1552.0,2017
1198,160010024112,1131.0,427.0,818.0,565.0,2017
1199,160010024131,3151.0,865.0,2406.0,1257.0,2017
1200,160010024134,1196.0,297.0,909.0,458.0,2017
1201,160010024132,3140.0,1235.0,2323.0,1049.0,2017
1202,160010024133,1521.0,679.0,1227.0,726.0,2017
1203,160010101001,7194.0,2716.0,5352.0,2966.0,2017
1204,160010103221,2245.0,856.0,1812.0,1025.0,2017
1205,160010103223,3614.0,1471.0,2629.0,1408.0,2017
1206,160010103222,1642.0,736.0,1260.0,708.0,2017
1207,160010103313,6395.0,1969.0,4489.0,2653.0,2017
1208,160010003022,1773.0,887.0,1437.0,741.0,2017
1209,160010003021,1357.0,595.0,1166.0,694.0,2017
1210,160010010002,2496.0,1099.0,1925.0,1210.0,2017
1211,160010010004,902.0,361.0,789.0,480.0,2017
1212,160010010001,2136.0,1107.0,1985.0,1336.0,2017
1213,160010010003,1349.0,699.0,1114.0,736.0,2017
1214,160010018002,1414.0,608.0,1222.0,594.0,2017
1215,160010018001,1401.0,552.0,1121.0,570.0,2017
1216,160010018003,1590.0,818.0,1338.0,880.0,2017
1217,160010103132,5704.0,1908.0,4420.0,2653.0,2017
1218,160010103131,4605.0,1728.0,3555.0,2052.0,2017
1219,160010008024,2544.0,1069.0,1895.0,1147.0,2017
1220,160010008023,1507.0,751.0,1348.0,844.0,2017
1221,160010008021,523.0,306.0,506.0,356.0,2017
1222,160010008022,1056.0,443.0,840.0,505.0,2017
1223,160010103212,2554.0,1113.0,2090.0,1444.0,2017
1224,160010103211,5330.0,2105.0,3854.0,1941.0,2017
1225,160010004003,1221.0,685.0,865.0,612.0,2017
1226,160010004005,1157.0,475.0,748.0,450.0,2017
1227,160010004001,685.0,339.0,520.0,274.0,2017
1228,160010004004,929.0,493.0,810.0,585.0,2017
1229,160010004002,1803.0,850.0,1658.0,1092.0,2017
1230,160010002011,1861.0,759.0,1581.0,768.0,2017
1231,160010002012,668.0,332.0,535.0,309.0,2017
1232,160010002013,777.0,369.0,646.0,382.0,2017
1233,160010002021,1373.0,634.0,1107.0,694.0,2017
1234,160010002022,1431.0,584.0,1239.0,763.0,2017
1235,160010002023,1467.0,549.0,1159.0,627.0,2017
1236,160010002024,1280.0,624.0,1034.0,566.0,2017
1237,160010003031,2062.0,1195.0,1848.0,959.0,2017
1238,160010003041,2583.0,1295.0,2180.0,1315.0,2017
1239,160010003042,3227.0,1296.0,2532.0,1597.0,2017
1240,160010003043,1054.0,414.0,774.0,487.0,2017
1241,160010007011,2045.0,861.0,1689.0,1074.0,2017
1242,160010007012,1352.0,715.0,1124.0,799.0,2017
1243,160010007013,1530.0,955.0,1307.0,762.0,2017
1244,160010007021,3225.0,1199.0,2465.0,1459.0,2017
1245,160010008041,3277.0,1604.0,2860.0,1692.0,2017
1246,160010008042,1966.0,1231.0,1655.0,747.0,2017
1247,160010008043,1465.0,809.0,1380.0,1010.0,2017
1248,160010008051,2128.0,896.0,1634.0,946.0,2017
1249,160010008052,967.0,408.0,770.0,526.0,2017
1250,160010014004,1429.0,805.0,1268.0,820.0,2017
1251,160010017004,2093.0,778.0,1650.0,1206.0,2017
1252,160010022231,4677.0,1554.0,3552.0,2063.0,2017
1253,160010022241,1053.0,397.0,936.0,448.0,2017
1254,160010022242,3958.0,1291.0,3053.0,1778.0,2017
1255,160010022243,1485.0,566.0,1157.0,708.0,2017
1256,160010023024,3466.0,1371.0,2497.0,1233.0,2017
1257,160010023104,2002.0,828.0,1508.0,963.0,2017
1258,160010023121,3557.0,1381.0,2938.0,1774.0,2017
1259,160010023122,2117.0,901.0,1737.0,1072.0,2017
1260,160010023131,2858.0,1172.0,2306.0,1361.0,2017
1261,160010023132,1394.0,534.0,1175.0,768.0,2017
1262,160010024122,1903.0,1051.0,1698.0,736.0,2017
1263,160010102232,3481.0,1758.0,3029.0,1553.0,2017
1264,160010102241,4953.0,1717.0,3835.0,2214.0,2017
1265,160010102251,4020.0,1509.0,3231.0,1296.0,2017
1266,160010011001,1686.0,856.0,1266.0,580.0,2017
1267,160010011003,1267.0,552.0,1030.0,585.0,2017
1268,160010011002,1200.0,566.0,957.0,515.0,2017
1269,160010020002,1823.0,758.0,1405.0,1035.0,2017
1270,160010020001,921.0,411.0,840.0,573.0,2017
1271,160010020003,964.0,505.0,790.0,343.0,2017
1272,160050009001,1762.0,788.0,1350.0,893.0,2017
1273,160050009002,653.0,402.0,446.0,191.0,2017
1274,160050004002,2259.0,795.0,1684.0,1110.0,2017
1275,160050004001,3490.0,1057.0,2288.0,1444.0,2017
1276,160050012003,1643.0,564.0,1048.0,661.0,2017
1277,160050012001,893.0,333.0,639.0,411.0,2017
1278,160050010002,1026.0,409.0,809.0,397.0,2017
1279,160050010001,1122.0,527.0,885.0,454.0,2017
1280,160050003003,2589.0,1166.0,1952.0,1081.0,2017
1281,160050003004,2487.0,940.0,1828.0,788.0,2017
1282,160059818001,331.0,124.0,230.0,155.0,2017
1283,160050003002,1057.0,402.0,778.0,390.0,2017
1284,160050003001,2973.0,973.0,2049.0,1293.0,2017
1285,160050006002,2132.0,703.0,1614.0,691.0,2017
1286,160050006001,1848.0,715.0,1608.0,649.0,2017
1287,160050013003,836.0,356.0,617.0,373.0,2017
1288,160050013001,918.0,486.0,680.0,437.0,2017
1289,160050013002,809.0,350.0,644.0,338.0,2017
1290,160050017001,2625.0,1087.0,2321.0,1111.0,2017
1291,160050017002,823.0,298.0,561.0,295.0,2017
1292,160050011011,2807.0,1007.0,1995.0,1129.0,2017
1293,160050011012,1574.0,724.0,1215.0,685.0,2017
1294,160050011014,1462.0,437.0,910.0,580.0,2017
1295,160050011013,1298.0,455.0,1118.0,539.0,2017
1296,160050011023,626.0,337.0,542.0,293.0,2017
1297,160050011022,1777.0,605.0,1295.0,815.0,2017
1298,160050011021,1415.0,441.0,949.0,508.0,2017
1299,160050016012,1268.0,716.0,996.0,664.0,2017
1300,160050007001,1621.0,625.0,1443.0,710.0,2017
1301,160050007002,1147.0,600.0,1008.0,623.0,2017
1302,160050007003,1457.0,463.0,1239.0,516.0,2017
1303,160050008001,2444.0,1234.0,2031.0,1278.0,2017
1304,160050014003,411.0,207.0,359.0,214.0,2017
1305,160050014002,664.0,374.0,547.0,265.0,2017
1306,160050014004,935.0,445.0,729.0,406.0,2017
1307,160050014001,1058.0,364.0,824.0,522.0,2017
1308,160050015004,741.0,249.0,576.0,263.0,2017
1309,160050015003,801.0,299.0,563.0,310.0,2017
1310,160050015002,2525.0,979.0,1895.0,966.0,2017
1311,160050015005,925.0,300.0,671.0,378.0,2017
1312,160050015001,743.0,318.0,563.0,233.0,2017
1313,160050016022,841.0,308.0,529.0,338.0,2017
1314,160050016021,1553.0,735.0,1155.0,726.0,2017
1315,160050016023,1406.0,586.0,999.0,643.0,2017
1316,160050005001,1924.0,669.0,1567.0,874.0,2017
1317,160050002001,983.0,326.0,719.0,382.0,2017
1318,160050002003,1393.0,569.0,1201.0,457.0,2017
1319,160050016031,1043.0,545.0,821.0,516.0,2017
1320,160050016032,1934.0,736.0,1623.0,671.0,2017
1321,160119501003,2985.0,1053.0,2147.0,1209.0,2017
1322,160119506003,1031.0,360.0,833.0,331.0,2017
1323,160119505002,1190.0,661.0,988.0,550.0,2017
1324,160119505004,1875.0,656.0,1073.0,639.0,2017
1325,160119505003,1941.0,704.0,1397.0,1070.0,2017
1326,160119505001,2180.0,981.0,1677.0,957.0,2017
1327,160119504005,1478.0,436.0,1011.0,692.0,2017
1328,160119504001,2000.0,744.0,1680.0,959.0,2017
1329,160119504002,1510.0,620.0,1058.0,641.0,2017
1330,160119507001,2093.0,615.0,1418.0,879.0,2017
1331,160199701003,1263.0,486.0,914.0,498.0,2017
1332,160199701004,1350.0,395.0,944.0,511.0,2017
1333,160199706031,2180.0,880.0,1799.0,921.0,2017
1334,160199706021,1670.0,628.0,1115.0,824.0,2017
1335,160199706023,1142.0,526.0,961.0,538.0,2017
1336,160199706022,2806.0,1365.0,2147.0,1278.0,2017
1337,160199709001,1088.0,484.0,844.0,419.0,2017
1338,160199709003,2547.0,883.0,1765.0,904.0,2017
1339,160199709002,1246.0,452.0,968.0,593.0,2017
1340,160199713024,1505.0,637.0,1110.0,685.0,2017
1341,160199713021,1039.0,366.0,728.0,443.0,2017
1342,160199713022,811.0,360.0,570.0,414.0,2017
1343,160199713023,1522.0,692.0,1299.0,646.0,2017
1344,160199705011,8569.0,2915.0,5840.0,3523.0,2017
1345,160199705031,5420.0,1927.0,3622.0,2122.0,2017
1346,160199706013,1083.0,376.0,777.0,449.0,2017
1347,160199706012,1018.0,392.0,709.0,331.0,2017
1348,160199706011,636.0,232.0,507.0,303.0,2017
1349,160199715001,580.0,266.0,445.0,202.0,2017
1350,160199715002,1163.0,447.0,836.0,415.0,2017
1351,160199713013,989.0,452.0,626.0,361.0,2017
1352,160199713012,1775.0,737.0,1475.0,1007.0,2017
1353,160199713011,1052.0,504.0,926.0,626.0,2017
1354,160199713014,660.0,304.0,499.0,296.0,2017
1355,160199713015,1881.0,451.0,1092.0,669.0,2017
1356,160199705021,1418.0,643.0,1008.0,677.0,2017
1357,160199705022,1718.0,604.0,1201.0,753.0,2017
1358,160199705023,2653.0,793.0,1694.0,1048.0,2017
1359,160199711005,627.0,406.0,555.0,291.0,2017
1360,160199711001,875.0,384.0,657.0,427.0,2017
1361,160199711002,915.0,521.0,737.0,588.0,2017
1362,160199711004,474.0,279.0,447.0,216.0,2017
1363,160199711003,414.0,226.0,355.0,229.0,2017
1364,160199714004,1755.0,682.0,1331.0,748.0,2017
1365,160199714002,2208.0,755.0,1569.0,876.0,2017
1366,160199714003,3563.0,1020.0,2490.0,1396.0,2017
1367,160199714001,1445.0,673.0,1174.0,562.0,2017
1368,160199710005,1312.0,582.0,935.0,512.0,2017
1369,160199710002,677.0,261.0,515.0,324.0,2017
1370,160199710004,932.0,346.0,777.0,527.0,2017
1371,160199710003,502.0,251.0,318.0,174.0,2017
1372,160199710006,880.0,321.0,653.0,307.0,2017
1373,160199710001,799.0,302.0,575.0,367.0,2017
1374,160199712003,1646.0,764.0,1323.0,774.0,2017
1375,160199712001,1158.0,509.0,871.0,529.0,2017
1376,160199712004,306.0,174.0,256.0,145.0,2017
1377,160199712002,1293.0,512.0,939.0,498.0,2017
1378,160199703001,2110.0,610.0,1425.0,748.0,2017
1379,160199703002,1557.0,535.0,1042.0,654.0,2017
1380,160199704011,1893.0,676.0,1490.0,804.0,2017
1381,160199704012,889.0,317.0,540.0,294.0,2017
1382,160199704022,3200.0,1020.0,2197.0,1189.0,2017
1383,160199704021,1353.0,504.0,927.0,535.0,2017
1384,160199708002,1007.0,450.0,703.0,415.0,2017
1385,160199708004,789.0,364.0,571.0,373.0,2017
1386,160199708001,955.0,383.0,751.0,428.0,2017
1387,160199708003,1286.0,434.0,846.0,421.0,2017
1388,160199704033,2849.0,928.0,2032.0,1085.0,2017
1389,160199704032,2548.0,757.0,1650.0,1123.0,2017
1390,160199704031,5733.0,1916.0,3588.0,2388.0,2017
1391,160199701001,1270.0,958.0,1112.0,452.0,2017
1392,160199701002,1478.0,485.0,1057.0,522.0,2017
1393,160199707003,1159.0,341.0,759.0,377.0,2017
1394,160199707001,727.0,389.0,622.0,422.0,2017
1395,160199707004,620.0,325.0,533.0,161.0,2017
1396,160199707002,3382.0,992.0,2694.0,1243.0,2017
1397,160270204012,6071.0,2072.0,4261.0,2911.0,2017
1398,160270204014,727.0,244.0,590.0,297.0,2017
1399,160270204021,1072.0,376.0,823.0,471.0,2017
1400,160270204022,685.0,422.0,641.0,378.0,2017
1401,160270204023,1160.0,425.0,965.0,659.0,2017
1402,160270204024,699.0,365.0,618.0,349.0,2017
1403,160270204025,2206.0,759.0,1700.0,843.0,2017
1404,160270205011,1592.0,588.0,1143.0,538.0,2017
1405,160270205012,2100.0,660.0,1318.0,784.0,2017
1406,160270205031,3362.0,1189.0,2476.0,1126.0,2017
1407,160270205041,1564.0,492.0,1174.0,713.0,2017
1408,160270205042,3018.0,1274.0,2029.0,1223.0,2017
1409,160270205043,963.0,502.0,809.0,414.0,2017
1410,160270206011,5713.0,1746.0,3823.0,2269.0,2017
1411,160270206021,1454.0,478.0,1216.0,728.0,2017
1412,160270206022,1781.0,659.0,1297.0,671.0,2017
1413,160270206023,946.0,464.0,701.0,327.0,2017
1414,160270206024,1486.0,463.0,1043.0,384.0,2017
1415,160270206025,788.0,248.0,629.0,252.0,2017
1416,160270210022,2532.0,1091.0,2036.0,1030.0,2017
1417,160270210023,2539.0,825.0,1676.0,1253.0,2017
1418,160270210024,3525.0,1466.0,2787.0,1094.0,2017
1419,160270211003,5037.0,1835.0,3492.0,2139.0,2017
1420,160270219031,5332.0,1829.0,4183.0,2090.0,2017
1421,160270219032,4823.0,1582.0,3551.0,1628.0,2017
1422,160270219033,782.0,320.0,613.0,404.0,2017
1423,160270219042,1206.0,390.0,826.0,337.0,2017
1424,160270217002,4726.0,1711.0,3418.0,1699.0,2017
1425,160270217003,3032.0,947.0,2065.0,1224.0,2017
1426,160270207002,2573.0,971.0,2042.0,1145.0,2017
1427,160270202001,965.0,419.0,733.0,352.0,2017
1428,160270202002,1967.0,641.0,1307.0,512.0,2017
1429,160270202003,1303.0,514.0,1016.0,523.0,2017
1430,160270213001,1155.0,484.0,830.0,377.0,2017
1431,160270218002,1457.0,594.0,1283.0,580.0,2017
1432,160270218003,2773.0,1039.0,2258.0,1153.0,2017
1433,160270218001,2589.0,811.0,1804.0,753.0,2017
1434,160270223002,1858.0,660.0,1464.0,580.0,2017
1435,160270223001,1517.0,712.0,1269.0,507.0,2017
1436,160270224002,1383.0,559.0,1147.0,537.0,2017
1437,160270224001,3031.0,1087.0,2476.0,1157.0,2017
1438,160270212003,4057.0,1255.0,2641.0,1552.0,2017
1439,160270212002,1860.0,698.0,1384.0,660.0,2017
1440,160270212001,1702.0,637.0,1096.0,469.0,2017
1441,160270222003,2570.0,844.0,1807.0,905.0,2017
1442,160270201001,1016.0,594.0,919.0,468.0,2017
1443,160270203004,1826.0,595.0,1187.0,750.0,2017
1444,160270203003,935.0,290.0,747.0,406.0,2017
1445,160270203001,783.0,402.0,606.0,320.0,2017
1446,160270203002,1328.0,544.0,1097.0,669.0,2017
1447,160270215001,615.0,229.0,410.0,164.0,2017
1448,160270215003,750.0,321.0,557.0,347.0,2017
1449,160270215004,742.0,400.0,681.0,283.0,2017
1450,160270215002,771.0,321.0,555.0,278.0,2017
1451,160270215005,2225.0,612.0,1740.0,859.0,2017
1452,160270216003,1170.0,516.0,1002.0,436.0,2017
1453,160270216002,1787.0,726.0,1339.0,573.0,2017
1454,160270216001,1274.0,523.0,934.0,445.0,2017
1455,160270211002,5109.0,1748.0,3860.0,2415.0,2017
1456,160270211001,7199.0,2433.0,4983.0,2874.0,2017
1457,160270209013,2580.0,824.0,1769.0,1101.0,2017
1458,160270206026,1125.0,423.0,766.0,485.0,2017
1459,160270209011,6544.0,1826.0,4405.0,2420.0,2017
1460,160270209012,4211.0,1884.0,3568.0,1668.0,2017
1461,160270209021,7596.0,2311.0,5510.0,3233.0,2017
1462,160270209022,5136.0,1997.0,3791.0,1850.0,2017
1463,160270209023,2770.0,1063.0,2302.0,1233.0,2017
1464,160270210011,14216.0,4458.0,9598.0,5536.0,2017
1465,160270210021,2288.0,811.0,1762.0,920.0,2017
1466,160270217001,4708.0,1347.0,3278.0,1768.0,2017
1467,160519603004,3168.0,802.0,2023.0,1352.0,2017
1468,160519603002,942.0,580.0,747.0,485.0,2017
1469,160519603003,2998.0,1017.0,2006.0,1242.0,2017
1470,160519601001,1371.0,590.0,1040.0,585.0,2017
1471,160519602003,1763.0,597.0,1286.0,738.0,2017
1472,160519604001,1715.0,619.0,1259.0,828.0,2017
1473,160519604004,5213.0,1388.0,3344.0,1866.0,2017
1474,160519604003,2853.0,876.0,1888.0,1001.0,2017
1475,160570052005,2243.0,1018.0,2007.0,1235.0,2017
1476,160570052002,1183.0,528.0,1100.0,543.0,2017
1477,160570052003,1301.0,377.0,750.0,461.0,2017
1478,160570052004,1265.0,589.0,986.0,465.0,2017
1479,160570052001,542.0,310.0,475.0,218.0,2017
1480,160570053003,643.0,409.0,573.0,380.0,2017
1481,160570053001,539.0,275.0,455.0,325.0,2017
1482,160570053002,663.0,383.0,574.0,335.0,2017
1483,160570053004,2424.0,1282.0,2176.0,1271.0,2017
1484,160570053006,791.0,259.0,588.0,288.0,2017
1485,160570053005,1711.0,720.0,1173.0,815.0,2017
1486,160570054001,1233.0,634.0,1050.0,688.0,2017
1487,160570054002,831.0,427.0,731.0,316.0,2017
1488,160570054004,1018.0,478.0,1018.0,476.0,2017
1489,160570054003,3395.0,312.0,3242.0,933.0,2017
1490,160570051001,3123.0,1225.0,2314.0,1423.0,2017
1491,160570051003,868.0,350.0,663.0,428.0,2017
1492,160570051005,600.0,351.0,567.0,421.0,2017
1493,160570051002,2821.0,1373.0,2693.0,1480.0,2017
1494,160570051004,811.0,493.0,785.0,463.0,2017
1495,160570057003,1532.0,639.0,1162.0,702.0,2017
1496,160759604002,2100.0,766.0,1359.0,759.0,2017
1497,160399601001,447.0,954.0,401.0,87.0,2017
1498,160399602001,2090.0,883.0,1795.0,758.0,2017
1499,160659503023,2168.0,742.0,1884.0,896.0,2017
1500,160659503015,629.0,330.0,508.0,229.0,2017
1501,160659503014,619.0,212.0,587.0,255.0,2017
1502,160659503012,1535.0,587.0,1450.0,682.0,2017
1503,160659503013,303.0,0.0,303.0,44.0,2017
1504,160659504002,1828.0,633.0,1265.0,809.0,2017
1505,160659504001,2968.0,1094.0,2396.0,1137.0,2017
1506,160659504003,1509.0,398.0,949.0,505.0,2017
1507,160659501001,2031.0,618.0,1574.0,966.0,2017
1508,160659501002,1766.0,453.0,1304.0,696.0,2017
1509,160659505002,1983.0,581.0,1411.0,756.0,2017
1510,160659505001,1551.0,375.0,1127.0,728.0,2017
1511,160659505003,1645.0,379.0,893.0,621.0,2017
1512,160659502001,1649.0,609.0,1321.0,660.0,2017
1513,160659502002,1533.0,577.0,1151.0,618.0,2017
1514,160659502003,1181.0,357.0,865.0,463.0,2017
1515,160659503021,1176.0,1149.0,1176.0,559.0,2017
1516,160659503024,1798.0,927.0,1615.0,1043.0,2017
1517,160659503022,7741.0,2432.0,5346.0,3163.0,2017
1518,160550018002,1403.0,1315.0,1225.0,369.0,2018
1519,160550010022,2287.0,823.0,1802.0,1119.0,2018
1520,160550004011,4034.0,1738.0,3250.0,2099.0,2018
1521,160550006021,1435.0,674.0,1137.0,497.0,2018
1522,160550004021,4766.0,1817.0,3411.0,1837.0,2018
1523,160550003023,1508.0,592.0,1337.0,737.0,2018
1524,160550006011,2512.0,1073.0,2038.0,892.0,2018
1525,160550007003,5282.0,2400.0,4408.0,2756.0,2018
1526,160550005002,3206.0,1212.0,2208.0,1451.0,2018
1527,160550009002,1521.0,999.0,1274.0,468.0,2018
1528,160550013001,1223.0,578.0,888.0,605.0,2018
1529,160550015001,1504.0,654.0,1237.0,758.0,2018
1530,160550012002,2031.0,780.0,1559.0,925.0,2018
1531,160550014001,1279.0,838.0,1168.0,566.0,2018
1532,160550020002,1819.0,904.0,1582.0,725.0,2018
1533,160550017002,1215.0,679.0,1027.0,635.0,2018
1534,160550018004,1294.0,473.0,935.0,640.0,2018
1535,160550020001,1666.0,1067.0,1327.0,615.0,2018
1536,160559400002,993.0,1133.0,884.0,333.0,2018
1537,160550009001,1946.0,944.0,1455.0,926.0,2018
1538,160550014002,1699.0,793.0,1491.0,938.0,2018
1539,160550006012,1533.0,802.0,1338.0,659.0,2018
1540,160550003021,1362.0,565.0,1118.0,534.0,2018
1541,160550005003,3034.0,1183.0,2268.0,1340.0,2018
1542,160550010013,1702.0,720.0,1311.0,884.0,2018
1543,160550010012,2011.0,978.0,1744.0,669.0,2018
1544,160550010011,2935.0,1123.0,2415.0,1395.0,2018
1545,160550003011,3207.0,1408.0,2597.0,1248.0,2018
1546,160550003012,2749.0,1165.0,2356.0,1155.0,2018
1547,160550009004,982.0,649.0,903.0,252.0,2018
1548,160550004012,1927.0,741.0,1589.0,737.0,2018
1549,160550006023,1773.0,607.0,1392.0,890.0,2018
1550,160550006022,2770.0,1167.0,2075.0,1274.0,2018
1551,160550004022,3720.0,1316.0,2785.0,1861.0,2018
1552,160550010021,2243.0,956.0,1754.0,810.0,2018
1553,160550003022,4813.0,1772.0,3153.0,1948.0,2018
1554,160550013002,2984.0,1119.0,2280.0,1107.0,2018
1555,160550015002,667.0,257.0,508.0,300.0,2018
1556,160550015003,1334.0,578.0,1040.0,732.0,2018
1557,160550011001,2323.0,878.0,1954.0,1051.0,2018
1558,160550012001,1783.0,895.0,1517.0,607.0,2018
1559,160550012003,2875.0,1213.0,2190.0,1330.0,2018
1560,160550017001,1802.0,665.0,1386.0,586.0,2018
1561,160550017003,1573.0,759.0,1316.0,521.0,2018
1562,160550018003,4461.0,2011.0,3555.0,1740.0,2018
1563,160550008001,3415.0,1798.0,2813.0,1671.0,2018
1564,160550008002,1409.0,686.0,1201.0,561.0,2018
1565,160550002004,2480.0,925.0,2153.0,1012.0,2018
1566,160550002003,1791.0,747.0,1526.0,694.0,2018
1567,160550002005,1542.0,685.0,1194.0,492.0,2018
1568,160550007001,4109.0,1479.0,3286.0,1623.0,2018
1569,160550007002,9562.0,3593.0,7130.0,4169.0,2018
1570,160550001002,2342.0,1251.0,1997.0,945.0,2018
1571,160550001001,1465.0,1138.0,1232.0,435.0,2018
1572,160550016002,2038.0,1041.0,1612.0,918.0,2018
1573,160550016001,694.0,339.0,529.0,317.0,2018
1574,160550019001,1954.0,824.0,1497.0,844.0,2018
1575,160550005001,7327.0,2809.0,5202.0,3327.0,2018
1576,160550009003,1107.0,599.0,998.0,492.0,2018
1577,160550018001,1353.0,539.0,1171.0,642.0,2018
1578,160830012003,2402.0,996.0,1690.0,1201.0,2018
1579,160830012004,3124.0,1127.0,2022.0,1409.0,2018
1580,160830010005,951.0,402.0,748.0,425.0,2018
1581,160830008005,1298.0,511.0,1052.0,609.0,2018
1582,160830007005,1321.0,732.0,1000.0,524.0,2018
1583,160830007001,6344.0,2528.0,4517.0,3081.0,2018
1584,160830005001,1091.0,418.0,877.0,453.0,2018
1585,160830002002,1675.0,477.0,1120.0,637.0,2018
1586,160830002003,1608.0,879.0,1318.0,631.0,2018
1587,160830009001,3102.0,1202.0,2425.0,1297.0,2018
1588,160830009002,1977.0,632.0,1531.0,801.0,2018
1589,160830010003,1800.0,713.0,1281.0,930.0,2018
1590,160830010002,3321.0,1236.0,2588.0,1524.0,2018
1591,160830008001,1271.0,485.0,754.0,509.0,2018
1592,160830008004,1662.0,767.0,1333.0,874.0,2018
1593,160830007004,1226.0,354.0,727.0,469.0,2018
1594,160830007002,2851.0,1017.0,2112.0,1246.0,2018
1595,160830007003,1338.0,343.0,996.0,676.0,2018
1596,160830006003,1207.0,483.0,972.0,590.0,2018
1597,160830015002,958.0,518.0,758.0,432.0,2018
1598,160830002001,3578.0,1341.0,2820.0,1633.0,2018
1599,160830011001,904.0,467.0,755.0,509.0,2018
1600,160830011003,2018.0,701.0,1515.0,624.0,2018
1601,160830012001,1409.0,521.0,922.0,531.0,2018
1602,160830012002,1294.0,564.0,1034.0,752.0,2018
1603,160830010001,2087.0,866.0,1489.0,1034.0,2018
1604,160830010004,1094.0,508.0,931.0,607.0,2018
1605,160159502004,2113.0,1268.0,1929.0,1004.0,2018
1606,160159502002,1743.0,1021.0,1490.0,665.0,2018
1607,160010006001,1017.0,569.0,827.0,558.0,2018
1608,160010006005,669.0,368.0,518.0,315.0,2018
1609,160010008032,791.0,319.0,666.0,513.0,2018
1610,160010012011,1956.0,832.0,1666.0,879.0,2018
1611,160010022211,3073.0,1196.0,2463.0,1326.0,2018
1612,160010024113,2686.0,978.0,2325.0,1485.0,2018
1613,160010024134,1306.0,314.0,938.0,414.0,2018
1614,160010101001,8270.0,2906.0,6198.0,3415.0,2018
1615,160010103352,2052.0,1024.0,1691.0,1351.0,2018
1616,160010103351,14063.0,4066.0,9281.0,5080.0,2018
1617,160010102251,3756.0,1491.0,3067.0,1363.0,2018
1618,160010022241,1093.0,406.0,976.0,483.0,2018
1619,160010105042,2292.0,928.0,1872.0,1188.0,2018
1620,160010008051,2225.0,943.0,1722.0,969.0,2018
1621,160010003042,3146.0,1269.0,2398.0,1597.0,2018
1622,160010002023,1288.0,514.0,1086.0,599.0,2018
1623,160010103312,4321.0,1580.0,3372.0,2192.0,2018
1624,160010023024,2987.0,1264.0,2109.0,1148.0,2018
1625,160010103333,2568.0,1106.0,1973.0,1155.0,2018
1626,160010022242,4049.0,1299.0,3304.0,2263.0,2018
1627,160010015002,1174.0,507.0,921.0,689.0,2018
1628,160010024103,1778.0,576.0,1358.0,885.0,2018
1629,160010024102,2397.0,794.0,1870.0,1304.0,2018
1630,160010104021,10140.0,3623.0,7587.0,5267.0,2018
1631,160010001001,1030.0,758.0,928.0,687.0,2018
1632,160010102241,5011.0,1707.0,3987.0,2110.0,2018
1633,160010023121,3923.0,1445.0,3324.0,2090.0,2018
1634,160010103212,2565.0,1119.0,1967.0,1423.0,2018
1635,160010004005,1232.0,471.0,787.0,407.0,2018
1636,160010103223,3675.0,1480.0,2736.0,1488.0,2018
1637,160010003022,1913.0,943.0,1537.0,782.0,2018
1638,160010016001,1458.0,558.0,1270.0,886.0,2018
1639,160010004002,1588.0,776.0,1481.0,1026.0,2018
1640,160010011001,1607.0,876.0,1357.0,655.0,2018
1641,160010005002,1098.0,364.0,844.0,655.0,2018
1642,160010012012,1382.0,588.0,1064.0,582.0,2018
1643,160010023023,1059.0,435.0,923.0,597.0,2018
1644,160010103331,2700.0,1250.0,1976.0,1041.0,2018
1645,160010016003,671.0,300.0,579.0,397.0,2018
1646,160010019002,971.0,417.0,902.0,608.0,2018
1647,160010010002,2551.0,1062.0,1892.0,1246.0,2018
1648,160010009002,1166.0,450.0,1110.0,603.0,2018
1649,160010023101,2181.0,830.0,1736.0,932.0,2018
1650,160010102011,1251.0,548.0,1212.0,516.0,2018
1651,160010020002,2144.0,788.0,1712.0,1259.0,2018
1652,160010020004,778.0,514.0,716.0,391.0,2018
1653,160010005004,1356.0,652.0,1146.0,784.0,2018
1654,160010005005,1043.0,452.0,703.0,594.0,2018
1655,160010014001,1401.0,786.0,1248.0,963.0,2018
1656,160010017001,812.0,409.0,730.0,660.0,2018
1657,160010102231,2682.0,1342.0,2228.0,1048.0,2018
1658,160010004003,1284.0,616.0,929.0,627.0,2018
1659,160010014004,1529.0,809.0,1317.0,865.0,2018
1660,160010010003,1410.0,666.0,1189.0,781.0,2018
1661,160010018001,1250.0,549.0,1040.0,493.0,2018
1662,160010103131,5452.0,1866.0,3929.0,2245.0,2018
1663,160010103342,3767.0,1561.0,3104.0,2004.0,2018
1664,160010103341,3621.0,1114.0,2779.0,1509.0,2018
1665,160010023122,1931.0,803.0,1560.0,943.0,2018
1666,160010008021,581.0,372.0,565.0,351.0,2018
1667,160010008022,1035.0,502.0,854.0,500.0,2018
1668,160010103211,5418.0,2102.0,4020.0,2279.0,2018
1669,160010004001,886.0,374.0,661.0,397.0,2018
1670,160010004004,956.0,496.0,801.0,549.0,2018
1671,160010012022,2254.0,1126.0,1976.0,1404.0,2018
1672,160010012023,2826.0,1529.0,2322.0,1412.0,2018
1673,160010012021,1444.0,772.0,1238.0,716.0,2018
1674,160010015003,1122.0,473.0,895.0,472.0,2018
1675,160010015001,1426.0,669.0,1223.0,744.0,2018
1676,160010103133,14251.0,5199.0,10501.0,6589.0,2018
1677,160010103311,13837.0,4891.0,10218.0,5383.0,2018
1678,160010023104,2111.0,833.0,1577.0,1010.0,2018
1679,160010103334,3708.0,1600.0,3114.0,1857.0,2018
1680,160010103332,3078.0,1154.0,2383.0,1609.0,2018
1681,160010024122,1866.0,1155.0,1630.0,710.0,2018
1682,160010023022,3485.0,1289.0,2734.0,1775.0,2018
1683,160010023021,1486.0,516.0,1176.0,727.0,2018
1684,160010016002,2631.0,1047.0,2228.0,1307.0,2018
1685,160010019001,2542.0,1108.0,2034.0,1174.0,2018
1686,160010019003,1141.0,555.0,885.0,569.0,2018
1687,160010022221,6952.0,2460.0,4950.0,2996.0,2018
1688,160010010004,743.0,365.0,743.0,443.0,2018
1689,160010010001,2259.0,1187.0,2093.0,1302.0,2018
1690,160010018002,1452.0,617.0,1197.0,634.0,2018
1691,160010018003,1564.0,838.0,1288.0,858.0,2018
1692,160010103132,6063.0,2140.0,4720.0,3132.0,2018
1693,160010008024,2484.0,969.0,1833.0,1087.0,2018
1694,160010008023,1532.0,726.0,1290.0,745.0,2018
1695,160010002022,1151.0,506.0,945.0,508.0,2018
1696,160010011003,1218.0,600.0,989.0,536.0,2018
1697,160010003041,2236.0,1233.0,1916.0,1149.0,2018
1698,160010002024,1168.0,591.0,1007.0,501.0,2018
1699,160010102232,3902.0,1978.0,3469.0,1697.0,2018
1700,160010002021,1766.0,783.0,1373.0,739.0,2018
1701,160010007021,3520.0,1333.0,2768.0,1461.0,2018
1702,160010006003,637.0,302.0,463.0,394.0,2018
1703,160010006006,1099.0,656.0,909.0,635.0,2018
1704,160010006002,988.0,676.0,915.0,521.0,2018
1705,160010006004,743.0,342.0,601.0,262.0,2018
1706,160010008031,637.0,367.0,598.0,344.0,2018
1707,160010008033,1182.0,419.0,962.0,497.0,2018
1708,160010008034,1776.0,734.0,1469.0,915.0,2018
1709,160010022212,1601.0,618.0,1247.0,876.0,2018
1710,160010022213,4589.0,1768.0,3911.0,2581.0,2018
1711,160010024111,1751.0,673.0,1496.0,729.0,2018
1712,160010024112,945.0,414.0,716.0,441.0,2018
1713,160010024131,2864.0,810.0,2266.0,1392.0,2018
1714,160010024132,3428.0,1278.0,2387.0,1069.0,2018
1715,160010024133,1478.0,653.0,1285.0,754.0,2018
1716,160010103221,2129.0,787.0,1654.0,982.0,2018
1717,160010103222,1657.0,775.0,1334.0,807.0,2018
1718,160010103313,7097.0,2189.0,4988.0,2666.0,2018
1719,160010003021,1334.0,526.0,1132.0,657.0,2018
1720,160010017004,1701.0,674.0,1274.0,925.0,2018
1721,160010102212,1563.0,793.0,1332.0,716.0,2018
1722,160010103322,1706.0,691.0,1438.0,830.0,2018
1723,160010103321,12801.0,4401.0,9052.0,5601.0,2018
1724,160010104014,4050.0,1465.0,3238.0,1871.0,2018
1725,160010104012,11038.0,3336.0,7159.0,5077.0,2018
1726,160010104013,4564.0,1519.0,3301.0,2157.0,2018
1727,160010104011,2564.0,948.0,2053.0,1278.0,2018
1728,160010021001,389.0,215.0,318.0,168.0,2018
1729,160010021002,1614.0,650.0,1313.0,691.0,2018
1730,160010024101,1280.0,486.0,1115.0,577.0,2018
1731,160010024104,2060.0,912.0,1768.0,815.0,2018
1732,160010024121,2483.0,1016.0,1864.0,962.0,2018
1733,160010104022,2356.0,879.0,1663.0,990.0,2018
1734,160010105011,7440.0,816.0,6926.0,1062.0,2018
1735,160010001003,1770.0,1287.0,1546.0,711.0,2018
1736,160010001002,886.0,715.0,803.0,391.0,2018
1737,160010005001,1701.0,751.0,1347.0,827.0,2018
1738,160010005003,1037.0,573.0,935.0,679.0,2018
1739,160010014002,1202.0,652.0,1024.0,688.0,2018
1740,160010014003,1330.0,515.0,887.0,555.0,2018
1741,160010017002,2168.0,835.0,1532.0,891.0,2018
1742,160010017003,1426.0,664.0,1271.0,917.0,2018
1743,160010011002,1278.0,582.0,966.0,512.0,2018
1744,160010020001,817.0,339.0,666.0,381.0,2018
1745,160010020003,1171.0,563.0,910.0,393.0,2018
1746,160010102211,6405.0,2446.0,4985.0,1943.0,2018
1747,160010022231,4935.0,1575.0,3743.0,2240.0,2018
1748,160010105031,4512.0,1705.0,3232.0,2159.0,2018
1749,160010008042,2243.0,1314.0,1936.0,920.0,2018
1750,160010008043,1291.0,692.0,1194.0,916.0,2018
1751,160010008041,3094.0,1654.0,2758.0,1760.0,2018
1752,160010003031,2276.0,1228.0,1901.0,950.0,2018
1753,160010002012,704.0,340.0,539.0,291.0,2018
1754,160010002013,766.0,375.0,640.0,386.0,2018
1755,160010002011,1915.0,780.0,1604.0,821.0,2018
1756,160010007012,1345.0,651.0,1195.0,821.0,2018
1757,160010007011,2301.0,932.0,1835.0,1098.0,2018
1758,160010007013,1639.0,938.0,1427.0,940.0,2018
1759,160010103353,4673.0,2645.0,4110.0,1884.0,2018
1760,160010103354,3298.0,1010.0,3026.0,1563.0,2018
1761,160010102253,1783.0,926.0,1598.0,592.0,2018
1762,160010102252,3820.0,1616.0,3135.0,1462.0,2018
1763,160010023131,2911.0,1197.0,2282.0,1277.0,2018
1764,160010023132,1293.0,486.0,1101.0,685.0,2018
1765,160010022243,1395.0,640.0,1122.0,624.0,2018
1766,160010105041,4919.0,1817.0,3596.0,2324.0,2018
1767,160010008052,964.0,375.0,704.0,476.0,2018
1768,160010003043,1148.0,486.0,878.0,559.0,2018
1769,160010009001,2282.0,418.0,2224.0,910.0,2018
1770,160010009003,1290.0,671.0,1182.0,902.0,2018
1771,160010009004,1694.0,644.0,1383.0,902.0,2018
1772,160010023103,3162.0,1139.0,2266.0,1425.0,2018
1773,160010023102,3132.0,1220.0,2366.0,1317.0,2018
1774,160010102012,8473.0,3115.0,6029.0,3107.0,2018
1775,160010102013,3376.0,1130.0,2580.0,1403.0,2018
1776,160119506003,1315.0,429.0,901.0,293.0,2018
1777,160119505002,1478.0,748.0,1224.0,813.0,2018
1778,160119505001,2023.0,938.0,1581.0,851.0,2018
1779,160119504001,2108.0,845.0,1842.0,1044.0,2018
1780,160119507001,1990.0,615.0,1456.0,840.0,2018
1781,160119501003,2523.0,860.0,1778.0,955.0,2018
1782,160119505004,1517.0,595.0,1040.0,466.0,2018
1783,160119505003,2290.0,748.0,1675.0,1281.0,2018
1784,160119504005,1803.0,553.0,1166.0,842.0,2018
1785,160119504002,1570.0,663.0,1086.0,604.0,2018
1786,160519601001,1362.0,635.0,1094.0,565.0,2018
1787,160519604003,2869.0,827.0,1852.0,966.0,2018
1788,160519603004,3130.0,782.0,2029.0,1282.0,2018
1789,160519603002,801.0,486.0,639.0,482.0,2018
1790,160519603003,3076.0,922.0,2116.0,1418.0,2018
1791,160519602003,1534.0,572.0,1196.0,757.0,2018
1792,160519604001,1641.0,642.0,1196.0,777.0,2018
1793,160519604004,5545.0,1604.0,3696.0,2099.0,2018
1794,160050004001,3627.0,1075.0,2312.0,1437.0,2018
1795,160050015002,2432.0,999.0,1841.0,813.0,2018
1796,160050009002,448.0,329.0,369.0,133.0,2018
1797,160050004002,2428.0,790.0,1792.0,1174.0,2018
1798,160050012001,922.0,324.0,728.0,440.0,2018
1799,160050003003,2493.0,1209.0,1926.0,1030.0,2018
1800,160050013003,827.0,382.0,695.0,414.0,2018
1801,160050003002,929.0,346.0,667.0,293.0,2018
1802,160050006001,1881.0,669.0,1658.0,682.0,2018
1803,160050013002,1011.0,386.0,800.0,353.0,2018
1804,160050011011,3024.0,1028.0,2105.0,1169.0,2018
1805,160050011014,1280.0,378.0,794.0,502.0,2018
1806,160050011022,1886.0,633.0,1366.0,786.0,2018
1807,160059818001,328.0,124.0,257.0,157.0,2018
1808,160050014003,492.0,226.0,399.0,225.0,2018
1809,160050014001,1119.0,383.0,889.0,555.0,2018
1810,160050015003,830.0,319.0,632.0,295.0,2018
1811,160050015001,768.0,285.0,621.0,365.0,2018
1812,160050016021,1580.0,765.0,1212.0,722.0,2018
1813,160050002001,1123.0,344.0,787.0,450.0,2018
1814,160050016031,986.0,515.0,787.0,463.0,2018
1815,160050005001,2019.0,683.0,1553.0,975.0,2018
1816,160050002003,1410.0,550.0,1207.0,433.0,2018
1817,160050016032,2041.0,763.0,1684.0,744.0,2018
1818,160050011013,1099.0,452.0,949.0,583.0,2018
1819,160050011023,502.0,348.0,443.0,232.0,2018
1820,160050008001,2544.0,1191.0,2113.0,1369.0,2018
1821,160050014002,575.0,311.0,497.0,202.0,2018
1822,160050014004,998.0,437.0,760.0,452.0,2018
1823,160050015004,771.0,267.0,590.0,250.0,2018
1824,160050015005,871.0,344.0,682.0,393.0,2018
1825,160050016022,763.0,303.0,506.0,332.0,2018
1826,160050016023,1501.0,561.0,1051.0,666.0,2018
1827,160050011021,1336.0,481.0,974.0,631.0,2018
1828,160050016012,1167.0,694.0,913.0,541.0,2018
1829,160050007001,1636.0,626.0,1442.0,648.0,2018
1830,160050007002,1226.0,675.0,1040.0,602.0,2018
1831,160050007003,1375.0,387.0,1165.0,408.0,2018
1832,160050003001,3059.0,1002.0,2116.0,1285.0,2018
1833,160050006002,2211.0,707.0,1677.0,676.0,2018
1834,160050013001,855.0,429.0,619.0,416.0,2018
1835,160050017001,2573.0,1102.0,2307.0,1122.0,2018
1836,160050017002,852.0,308.0,543.0,308.0,2018
1837,160050011012,1699.0,714.0,1362.0,608.0,2018
1838,160050009001,1967.0,854.0,1549.0,1001.0,2018
1839,160050012003,1901.0,623.0,1130.0,687.0,2018
1840,160050010002,1233.0,424.0,929.0,432.0,2018
1841,160050010001,1099.0,560.0,863.0,393.0,2018
1842,160050003004,2504.0,958.0,1876.0,863.0,2018
1843,160199713024,1447.0,701.0,1104.0,693.0,2018
1844,160199708003,1067.0,438.0,816.0,436.0,2018
1845,160199715002,1002.0,427.0,711.0,386.0,2018
1846,160199713011,1603.0,625.0,1178.0,767.0,2018
1847,160199705021,1449.0,668.0,1036.0,773.0,2018
1848,160199705023,2572.0,756.0,1711.0,979.0,2018
1849,160199711002,1030.0,527.0,793.0,628.0,2018
1850,160199714004,1746.0,701.0,1351.0,736.0,2018
1851,160199706023,1088.0,427.0,822.0,539.0,2018
1852,160199709003,2783.0,966.0,1956.0,1010.0,2018
1853,160199713021,1148.0,366.0,666.0,429.0,2018
1854,160199713023,1602.0,719.0,1386.0,662.0,2018
1855,160199706013,988.0,367.0,756.0,382.0,2018
1856,160199715001,704.0,256.0,527.0,259.0,2018
1857,160199701003,1275.0,478.0,915.0,467.0,2018
1858,160199704022,3316.0,1067.0,2286.0,1269.0,2018
1859,160199708004,807.0,361.0,561.0,366.0,2018
1860,160199706022,3318.0,1488.0,2474.0,1579.0,2018
1861,160199708001,1160.0,446.0,879.0,497.0,2018
1862,160199704032,2582.0,766.0,1656.0,1166.0,2018
1863,160199701002,1699.0,520.0,1112.0,519.0,2018
1864,160199707004,755.0,418.0,651.0,247.0,2018
1865,160199701001,1205.0,967.0,1041.0,422.0,2018
1866,160199707003,1133.0,334.0,802.0,360.0,2018
1867,160199707001,825.0,382.0,647.0,423.0,2018
1868,160199707002,3108.0,983.0,2564.0,1204.0,2018
1869,160199701004,1425.0,421.0,1016.0,517.0,2018
1870,160199706031,2243.0,905.0,1870.0,915.0,2018
1871,160199706021,1797.0,647.0,1155.0,716.0,2018
1872,160199709001,967.0,388.0,714.0,335.0,2018
1873,160199709002,1391.0,491.0,1041.0,619.0,2018
1874,160199713022,787.0,348.0,522.0,359.0,2018
1875,160199705011,8694.0,2893.0,5994.0,3375.0,2018
1876,160199705031,5445.0,2000.0,3681.0,2006.0,2018
1877,160199706012,1222.0,426.0,838.0,428.0,2018
1878,160199706011,655.0,234.0,518.0,314.0,2018
1879,160199714003,3458.0,1034.0,2340.0,1258.0,2018
1880,160199714001,1548.0,778.0,1291.0,562.0,2018
1881,160199710005,1192.0,569.0,889.0,505.0,2018
1882,160199710002,634.0,292.0,513.0,304.0,2018
1883,160199710004,914.0,331.0,733.0,471.0,2018
1884,160199710003,430.0,259.0,295.0,155.0,2018
1885,160199710006,845.0,333.0,634.0,319.0,2018
1886,160199710001,701.0,283.0,495.0,348.0,2018
1887,160199712003,1447.0,674.0,1173.0,748.0,2018
1888,160199712001,1127.0,482.0,896.0,551.0,2018
1889,160199712004,342.0,202.0,293.0,157.0,2018
1890,160199712002,1536.0,594.0,1148.0,594.0,2018
1891,160199703001,2194.0,557.0,1494.0,737.0,2018
1892,160199703002,1619.0,559.0,1155.0,735.0,2018
1893,160199704011,1992.0,718.0,1563.0,814.0,2018
1894,160199704012,765.0,329.0,541.0,348.0,2018
1895,160199704021,1622.0,560.0,1190.0,659.0,2018
1896,160199708002,813.0,387.0,608.0,331.0,2018
1897,160199704033,3103.0,904.0,2193.0,1310.0,2018
1898,160199704031,6010.0,1990.0,3617.0,2529.0,2018
1899,160199713013,743.0,415.0,551.0,289.0,2018
1900,160199713012,1637.0,655.0,1337.0,822.0,2018
1901,160199713014,668.0,310.0,526.0,304.0,2018
1902,160199713015,1933.0,490.0,1060.0,638.0,2018
1903,160199705022,1722.0,607.0,1254.0,769.0,2018
1904,160199711005,686.0,386.0,582.0,283.0,2018
1905,160199711001,743.0,352.0,565.0,398.0,2018
1906,160199711004,426.0,295.0,403.0,157.0,2018
1907,160199711003,545.0,249.0,460.0,307.0,2018
1908,160199714002,1941.0,676.0,1391.0,768.0,2018
1909,160270218003,2532.0,1021.0,2211.0,1220.0,2018
1910,160270223002,2472.0,730.0,1895.0,665.0,2018
1911,160270224002,1417.0,598.0,1216.0,550.0,2018
1912,160270212001,1875.0,676.0,1271.0,630.0,2018
1913,160270222003,2486.0,833.0,1770.0,806.0,2018
1914,160270219031,5263.0,1742.0,4182.0,1992.0,2018
1915,160270206023,1402.0,454.0,999.0,499.0,2018
1916,160270211003,5220.0,1833.0,3736.0,2323.0,2018
1917,160270204022,752.0,464.0,633.0,320.0,2018
1918,160270203001,854.0,417.0,681.0,258.0,2018
1919,160270215003,613.0,306.0,486.0,299.0,2018
1920,160270205012,1710.0,602.0,1174.0,646.0,2018
1921,160270219042,891.0,330.0,693.0,259.0,2018
1922,160270205041,1481.0,467.0,1103.0,700.0,2018
1923,160270217001,5172.0,1491.0,3472.0,1790.0,2018
1924,160270215001,772.0,281.0,563.0,237.0,2018
1925,160270203003,687.0,244.0,544.0,357.0,2018
1926,160270218002,1988.0,675.0,1535.0,727.0,2018
1927,160270206021,1394.0,425.0,1157.0,723.0,2018
1928,160270206022,1450.0,588.0,1047.0,559.0,2018
1929,160270217002,4073.0,1570.0,3012.0,1315.0,2018
1930,160270205042,3109.0,1259.0,2226.0,1418.0,2018
1931,160270209011,6588.0,1855.0,4448.0,2548.0,2018
1932,160270209013,2557.0,814.0,1691.0,1012.0,2018
1933,160270209012,4520.0,2022.0,3851.0,1757.0,2018
1934,160270204012,6063.0,2168.0,4392.0,2922.0,2018
1935,160270204014,858.0,313.0,693.0,330.0,2018
1936,160270210024,3530.0,1736.0,2897.0,1241.0,2018
1937,160270210023,2010.0,732.0,1443.0,1011.0,2018
1938,160270210022,2965.0,1100.0,2437.0,1259.0,2018
1939,160270210021,2248.0,771.0,1717.0,870.0,2018
1940,160270209022,5407.0,2138.0,4188.0,2027.0,2018
1941,160270217003,3136.0,997.0,2294.0,1426.0,2018
1942,160270207002,2653.0,1023.0,2073.0,1206.0,2018
1943,160270204021,828.0,316.0,642.0,442.0,2018
1944,160270204025,2424.0,807.0,1868.0,1051.0,2018
1945,160270204023,1247.0,365.0,976.0,613.0,2018
1946,160270204024,703.0,410.0,656.0,315.0,2018
1947,160270203004,1856.0,618.0,1129.0,674.0,2018
1948,160270202001,1151.0,465.0,884.0,467.0,2018
1949,160270202002,1852.0,629.0,1251.0,547.0,2018
1950,160270202003,1518.0,547.0,1140.0,594.0,2018
1951,160270215004,602.0,308.0,560.0,281.0,2018
1952,160270215002,739.0,298.0,551.0,327.0,2018
1953,160270215005,2312.0,626.0,1758.0,852.0,2018
1954,160270216003,1088.0,509.0,913.0,476.0,2018
1955,160270216002,1796.0,779.0,1344.0,515.0,2018
1956,160270216001,1177.0,474.0,841.0,378.0,2018
1957,160270211002,5704.0,1871.0,4070.0,2634.0,2018
1958,160270211001,7788.0,2652.0,5448.0,3191.0,2018
1959,160270219032,5173.0,1639.0,3791.0,1898.0,2018
1960,160270219033,838.0,317.0,636.0,455.0,2018
1961,160270205031,3111.0,1208.0,2304.0,1120.0,2018
1962,160270205011,1905.0,710.0,1494.0,747.0,2018
1963,160270206011,5878.0,1754.0,3946.0,2332.0,2018
1964,160270210011,15109.0,4520.0,10447.0,6305.0,2018
1965,160270213001,1183.0,508.0,856.0,427.0,2018
1966,160270218001,2726.0,873.0,1863.0,795.0,2018
1967,160270223001,1341.0,658.0,1144.0,450.0,2018
1968,160270224001,3110.0,1067.0,2458.0,1076.0,2018
1969,160270212003,4414.0,1248.0,2730.0,1515.0,2018
1970,160270212002,1854.0,671.0,1544.0,654.0,2018
1971,160270201001,901.0,580.0,824.0,424.0,2018
1972,160270205043,1054.0,538.0,884.0,527.0,2018
1973,160270203002,1698.0,585.0,1317.0,746.0,2018
1974,160270206024,1515.0,478.0,1095.0,467.0,2018
1975,160270209021,7573.0,2251.0,5280.0,3397.0,2018
1976,160270209023,2724.0,1065.0,2239.0,1219.0,2018
1977,160270206025,1040.0,357.0,842.0,406.0,2018
1978,160270206026,1291.0,466.0,989.0,569.0,2018
1979,160570052003,1085.0,404.0,692.0,421.0,2018
1980,160570053003,702.0,477.0,695.0,511.0,2018
1981,160570053002,774.0,431.0,583.0,399.0,2018
1982,160570053005,1756.0,681.0,1172.0,754.0,2018
1983,160570054004,1005.0,470.0,1005.0,470.0,2018
1984,160570051003,853.0,378.0,616.0,387.0,2018
1985,160570054001,1297.0,641.0,1027.0,738.0,2018
1986,160570057003,1506.0,641.0,1153.0,629.0,2018
1987,160570051004,795.0,488.0,795.0,426.0,2018
1988,160570053006,737.0,233.0,560.0,265.0,2018
1989,160570054002,772.0,452.0,709.0,301.0,2018
1990,160570054003,3429.0,315.0,3284.0,1008.0,2018
1991,160570052005,2583.0,1083.0,2274.0,1421.0,2018
1992,160570052002,1301.0,544.0,1210.0,591.0,2018
1993,160570052004,1017.0,514.0,882.0,412.0,2018
1994,160570052001,602.0,269.0,463.0,196.0,2018
1995,160570053001,602.0,310.0,538.0,336.0,2018
1996,160570053004,2520.0,1238.0,2213.0,1365.0,2018
1997,160570051001,2789.0,1185.0,2076.0,1265.0,2018
1998,160570051005,515.0,360.0,501.0,361.0,2018
1999,160570051002,3266.0,1463.0,3038.0,1830.0,2018
2000,160759604002,2412.0,874.0,1596.0,901.0,2018
2001,160399601001,328.0,891.0,300.0,84.0,2018
2002,160399602001,2024.0,897.0,1802.0,975.0,2018
2003,160659501001,2201.0,656.0,1582.0,870.0,2018
2004,160659502001,1833.0,712.0,1501.0,770.0,2018
2005,160659502003,1117.0,350.0,833.0,447.0,2018
2006,160659503022,8208.0,2547.0,5784.0,3644.0,2018
2007,160659503015,744.0,352.0,639.0,336.0,2018
2008,160659503013,227.0,0.0,227.0,17.0,2018
2009,160659504001,2984.0,1132.0,2265.0,1167.0,2018
2010,160659501002,1623.0,450.0,1132.0,562.0,2018
2011,160659505003,1776.0,359.0,995.0,671.0,2018
2012,160659502002,1573.0,566.0,1114.0,651.0,2018
2013,160659503021,1400.0,1272.0,1400.0,635.0,2018
2014,160659503024,2279.0,1081.0,2007.0,1359.0,2018
2015,160659503014,855.0,230.0,848.0,291.0,2018
2016,160659503012,991.0,567.0,899.0,606.0,2018
2017,160659504002,1431.0,569.0,1119.0,676.0,2018
2018,160659504003,1708.0,438.0,1060.0,539.0,2018
2019,160659505002,1763.0,521.0,1293.0,746.0,2018
2020,160659505001,1542.0,399.0,1116.0,745.0,2018
2021,160659503023,1832.0,742.0,1617.0,835.0,2018
2022,160459601001,1466.0,644.0,1211.0,377.0,2018
2023,160039502002,936.0,412.0,806.0,273.0,2018
